__collection,id,name,slug,h1Override,seo
brands,1138,Tippys,tippys,Tippys Chính Hãng,"{""metaTitle"":""Bông tẩy trang Tippys chính hãng | MF Paris"",""metaDescription"":""Bông tẩy trang Tippys Cotton Pads 120 miếng chính hãng tại MF Paris. Xem chất liệu, quy cách và giá bán để lựa chọn cho bước tẩy trang hằng ngày."",""focusKeyword"":""Tippys chính hãng"",""breadcrumbLabel"":""Tippys"",""ogTitle"":""Tippys Chính Hãng | MF Paris"",""ogDescription"":""Khám phá sản phẩm Tippys chính hãng tại MF Paris. Xem thông tin, giá bán và lựa chọn sản phẩm phù hợp."",""ogImage"":null,""twitterImage"":null,""robotsIndex"":""index"",""robotsFollow"":""follow"",""canonicalOverride"":null,""sitemapInclude"":true,""sitemapPriority"":0.7,""sitemapChangeFrequency"":""weekly"",""schemaType"":""CollectionPage"",""customJsonLd"":null}"
brands,1137,Dr. Wolff,dr-wolff,Dr. Wolff Chính Hãng,"{""metaTitle"":""Dr. Wolff: Chăm sóc vùng kín Vagisan | MF Paris"",""metaDescription"":""Sản phẩm Dr. Wolff chính hãng tại MF Paris gồm dung dịch vệ sinh Vagisan và dòng dưỡng ẩm FeuchtCreme. Xem dạng dùng, quy cách và hướng dẫn sử dụng."",""focusKeyword"":""Dr. Wolff chính hãng"",""breadcrumbLabel"":""Dr. Wolff"",""ogTitle"":""Dr. Wolff Chính Hãng | MF Paris"",""ogDescription"":""Khám phá sản phẩm Dr. Wolff chính hãng tại MF Paris. Xem thông tin, giá bán và lựa chọn sản phẩm phù hợp."",""ogImage"":null,""twitterImage"":null,""robotsIndex"":""index"",""robotsFollow"":""follow"",""canonicalOverride"":null,""sitemapInclude"":true,""sitemapPriority"":0.7,""sitemapChangeFrequency"":""weekly"",""schemaType"":""CollectionPage"",""customJsonLd"":null}"
brands,1136,Lucas Papaw,lucas-papaw,Lucas Papaw Chính Hãng,"{""metaTitle"":""Kem dưỡng đa năng Lucas Papaw chính hãng | MF Paris"",""metaDescription"":""Lucas Papaw chính hãng tại MF Paris với kem dưỡng đa năng Papaw Ointment cho môi và da. Xem thành phần, quy cách, cách dùng và giá bán để chọn sản phẩm phù hợp."",""focusKeyword"":""Lucas Papaw chính hãng"",""breadcrumbLabel"":""Lucas Papaw"",""ogTitle"":""Lucas Papaw Chính Hãng | MF Paris"",""ogDescription"":""Khám phá sản phẩm Lucas Papaw chính hãng tại MF Paris. Xem thông tin, giá bán và lựa chọn sản phẩm phù hợp."",""ogImage"":null,""twitterImage"":null,""robotsIndex"":""index"",""robotsFollow"":""follow"",""canonicalOverride"":null,""sitemapInclude"":true,""sitemapPriority"":0.7,""sitemapChangeFrequency"":""weekly"",""schemaType"":""CollectionPage"",""customJsonLd"":null}"
brands,1135,Bioisland,bioisland,Bioisland Chính Hãng,"{""metaTitle"":""Vitamin và khoáng chất Bio Island chính hãng | MF Paris"",""metaDescription"":""Bio Island chính hãng tại MF Paris với DHA, canxi và lysine cho từng nhu cầu bổ sung. Xem thành phần, quy cách, cách dùng và giá bán để chọn sản phẩm phù hợp."",""focusKeyword"":""Bioisland chính hãng"",""breadcrumbLabel"":""Bioisland"",""ogTitle"":""Bioisland Chính Hãng | MF Paris"",""ogDescription"":""Khám phá sản phẩm Bioisland chính hãng tại MF Paris. Xem thông tin, giá bán và lựa chọn sản phẩm phù hợp."",""ogImage"":null,""twitterImage"":null,""robotsIndex"":""index"",""robotsFollow"":""follow"",""canonicalOverride"":null,""sitemapInclude"":true,""sitemapPriority"":0.7,""sitemapChangeFrequency"":""weekly"",""schemaType"":""CollectionPage"",""customJsonLd"":null}"
brands,1132,Vicks,vicks,Vicks Chính Hãng,"{""metaTitle"":""Chăm sóc hô hấp Vicks chính hãng | MF Paris"",""metaDescription"":""Vicks chính hãng tại MF Paris với dầu bôi ấm ngực VapoRub dạng hũ 50g. Xem thành phần, quy cách, cách dùng và giá bán để chọn sản phẩm phù hợp."",""focusKeyword"":""Vicks chính hãng"",""breadcrumbLabel"":""Vicks"",""ogTitle"":""Vicks Chính Hãng | MF Paris"",""ogDescription"":""Khám phá sản phẩm Vicks chính hãng tại MF Paris. Xem thông tin, giá bán và lựa chọn sản phẩm phù hợp."",""ogImage"":null,""twitterImage"":null,""robotsIndex"":""index"",""robotsFollow"":""follow"",""canonicalOverride"":null,""sitemapInclude"":true,""sitemapPriority"":0.7,""sitemapChangeFrequency"":""weekly"",""schemaType"":""CollectionPage"",""customJsonLd"":null}"
brands,1131,Probiolog,probiolog,Probiolog Chính Hãng,"{""metaTitle"":""Thực phẩm bổ sung Probiolog chính hãng | MF Paris"",""metaDescription"":""Probiolog chính hãng tại MF Paris với Detox, Ventre Plat và sản phẩm chăm sóc tiêu hóa. Xem thành phần, quy cách, cách dùng và giá bán để chọn sản phẩm phù hợp."",""focusKeyword"":""Probiolog chính hãng"",""breadcrumbLabel"":""Probiolog"",""ogTitle"":""Probiolog Chính Hãng | MF Paris"",""ogDescription"":""Khám phá sản phẩm Probiolog chính hãng tại MF Paris. Xem thông tin, giá bán và lựa chọn sản phẩm phù hợp."",""ogImage"":null,""twitterImage"":null,""robotsIndex"":""index"",""robotsFollow"":""follow"",""canonicalOverride"":null,""sitemapInclude"":true,""sitemapPriority"":0.7,""sitemapChangeFrequency"":""weekly"",""schemaType"":""CollectionPage"",""customJsonLd"":null}"
brands,1129,Syoss,syoss,Syoss Chính Hãng,"{""metaTitle"":""Chăm sóc tóc Syoss chính hãng | MF Paris"",""metaDescription"":""Syoss chính hãng tại MF Paris với dầu gội Anti-Dandruff và sản phẩm chăm sóc da đầu. Xem thành phần, quy cách, cách dùng và giá bán để chọn sản phẩm phù hợp."",""focusKeyword"":""Syoss chính hãng"",""breadcrumbLabel"":""Syoss"",""ogTitle"":""Syoss Chính Hãng | MF Paris"",""ogDescription"":""Khám phá sản phẩm Syoss chính hãng tại MF Paris. Xem thông tin, giá bán và lựa chọn sản phẩm phù hợp."",""ogImage"":null,""twitterImage"":null,""robotsIndex"":""index"",""robotsFollow"":""follow"",""canonicalOverride"":null,""sitemapInclude"":true,""sitemapPriority"":0.7,""sitemapChangeFrequency"":""weekly"",""schemaType"":""CollectionPage"",""customJsonLd"":null}"
brands,1128,Laboratoire Avenir,laboratoire-avenir,Laboratoire Avenir Chính Hãng,"{""metaTitle"":""Bổ sung dinh dưỡng Laboratoire Avenir chính hãng | MF Paris"",""metaDescription"":""Laboratoire Avenir chính hãng tại MF Paris với tảo uống Tout En Vie Phycocyanine dạng ống. Xem thành phần, quy cách, cách dùng và giá bán."",""focusKeyword"":""Laboratoire Avenir chính hãng"",""breadcrumbLabel"":""Laboratoire Avenir"",""ogTitle"":""Laboratoire Avenir Chính Hãng | MF Paris"",""ogDescription"":""Khám phá sản phẩm Laboratoire Avenir chính hãng tại MF Paris. Xem thông tin, giá bán và lựa chọn sản phẩm phù hợp."",""ogImage"":null,""twitterImage"":null,""robotsIndex"":""index"",""robotsFollow"":""follow"",""canonicalOverride"":null,""sitemapInclude"":true,""sitemapPriority"":0.7,""sitemapChangeFrequency"":""weekly"",""schemaType"":""CollectionPage"",""customJsonLd"":null}"
brands,1127,Mousticare,mousticare,Mousticare Chính Hãng,"{""metaTitle"":""Chống muỗi Mousticare chính hãng | MF Paris"",""metaDescription"":""Mousticare chính hãng tại MF Paris với vòng chống muỗi và phụ kiện bảo vệ khi đi ngoài trời. Xem thành phần, quy cách, cách dùng và giá bán."",""focusKeyword"":""Mousticare chính hãng"",""breadcrumbLabel"":""Mousticare"",""ogTitle"":""Mousticare Chính Hãng | MF Paris"",""ogDescription"":""Khám phá sản phẩm Mousticare chính hãng tại MF Paris. Xem thông tin, giá bán và lựa chọn sản phẩm phù hợp."",""ogImage"":null,""twitterImage"":null,""robotsIndex"":""index"",""robotsFollow"":""follow"",""canonicalOverride"":null,""sitemapInclude"":true,""sitemapPriority"":0.7,""sitemapChangeFrequency"":""weekly"",""schemaType"":""CollectionPage"",""customJsonLd"":null}"
brands,1126,Bio Oil,bio-oil,Bio Oil Chính Hãng,"{""metaTitle"":""Chăm sóc da Bio-Oil chính hãng | MF Paris"",""metaDescription"":""Bio-Oil chính hãng tại MF Paris với dầu dưỡng da Huile de Soin và chăm sóc da cơ thể. Xem thành phần, quy cách, cách dùng và giá bán để chọn sản phẩm phù hợp."",""focusKeyword"":""Bio Oil chính hãng"",""breadcrumbLabel"":""Bio Oil"",""ogTitle"":""Bio Oil Chính Hãng | MF Paris"",""ogDescription"":""Khám phá sản phẩm Bio Oil chính hãng tại MF Paris. Xem thông tin, giá bán và lựa chọn sản phẩm phù hợp."",""ogImage"":null,""twitterImage"":null,""robotsIndex"":""index"",""robotsFollow"":""follow"",""canonicalOverride"":null,""sitemapInclude"":true,""sitemapPriority"":0.7,""sitemapChangeFrequency"":""weekly"",""schemaType"":""CollectionPage"",""customJsonLd"":null}"
brands,1125,Laboratoires Crinex,laboratoires-crinex,Laboratoires Crinex Chính Hãng,"{""metaTitle"":""Vitamin D Laboratoires Crinex chính hãng | MF Paris"",""metaDescription"":""Laboratoires Crinex chính hãng tại MF Paris với vitamin D Uvedose với các quy cách đóng gói. Xem thành phần, quy cách, cách dùng và giá bán."",""focusKeyword"":""Laboratoires Crinex chính hãng"",""breadcrumbLabel"":""Laboratoires Crinex"",""ogTitle"":""Laboratoires Crinex Chính Hãng | MF Paris"",""ogDescription"":""Khám phá sản phẩm Laboratoires Crinex chính hãng tại MF Paris. Xem thông tin, giá bán và lựa chọn sản phẩm phù hợp."",""ogImage"":null,""twitterImage"":null,""robotsIndex"":""index"",""robotsFollow"":""follow"",""canonicalOverride"":null,""sitemapInclude"":true,""sitemapPriority"":0.7,""sitemapChangeFrequency"":""weekly"",""schemaType"":""CollectionPage"",""customJsonLd"":null}"
brands,1124,Laboratoire Mylan,laboratoire-mylan,Laboratoire Mylan Chính Hãng,"{""metaTitle"":""Vitamin D Laboratoire Mylan chính hãng | MF Paris"",""metaDescription"":""Laboratoire Mylan chính hãng tại MF Paris với sản phẩm bổ sung vitamin D ZymaD. Xem thành phần, quy cách, cách dùng và giá bán để chọn sản phẩm phù hợp."",""focusKeyword"":""Laboratoire Mylan chính hãng"",""breadcrumbLabel"":""Laboratoire Mylan"",""ogTitle"":""Laboratoire Mylan Chính Hãng | MF Paris"",""ogDescription"":""Khám phá sản phẩm Laboratoire Mylan chính hãng tại MF Paris. Xem thông tin, giá bán và lựa chọn sản phẩm phù hợp."",""ogImage"":null,""twitterImage"":null,""robotsIndex"":""index"",""robotsFollow"":""follow"",""canonicalOverride"":null,""sitemapInclude"":true,""sitemapPriority"":0.7,""sitemapChangeFrequency"":""weekly"",""schemaType"":""CollectionPage"",""customJsonLd"":null}"
brands,1119,Vera Wang,vera-wang,Vera Wang Chính Hãng,"{""metaTitle"":""Nước hoa Vera Wang chính hãng | MF Paris"",""metaDescription"":""Nước hoa Vera Wang chính hãng tại MF Paris với Princess. So sánh phiên bản, nồng độ, dung tích và giá bán để chọn mùi phù hợp."",""focusKeyword"":""Vera Wang chính hãng"",""breadcrumbLabel"":""Vera Wang"",""ogTitle"":""Vera Wang Chính Hãng | MF Paris"",""ogDescription"":""Khám phá sản phẩm Vera Wang chính hãng tại MF Paris. Xem thông tin, giá bán và lựa chọn sản phẩm phù hợp."",""ogImage"":null,""twitterImage"":null,""robotsIndex"":""index"",""robotsFollow"":""follow"",""canonicalOverride"":null,""sitemapInclude"":true,""sitemapPriority"":0.7,""sitemapChangeFrequency"":""weekly"",""schemaType"":""CollectionPage"",""customJsonLd"":null}"
brands,1118,Recordati,recordati,Recordati Chính Hãng,"{""metaTitle"":""Chăm sóc họng Recordati chính hãng | MF Paris"",""metaDescription"":""Recordati chính hãng tại MF Paris với sản phẩm Hexaspray dành cho chăm sóc họng. Xem thành phần, quy cách, cách dùng và giá bán để chọn sản phẩm phù hợp."",""focusKeyword"":""Recordati chính hãng"",""breadcrumbLabel"":""Recordati"",""ogTitle"":""Recordati Chính Hãng | MF Paris"",""ogDescription"":""Khám phá sản phẩm Recordati chính hãng tại MF Paris. Xem thông tin, giá bán và lựa chọn sản phẩm phù hợp."",""ogImage"":null,""twitterImage"":null,""robotsIndex"":""index"",""robotsFollow"":""follow"",""canonicalOverride"":null,""sitemapInclude"":true,""sitemapPriority"":0.7,""sitemapChangeFrequency"":""weekly"",""schemaType"":""CollectionPage"",""customJsonLd"":null}"
brands,1117,Laboratoire Immubio,laboratoire-immubio,Laboratoire Immubio Chính Hãng,"{""metaTitle"":""Men vi sinh Laboratoire Immubio chính hãng | MF Paris"",""metaDescription"":""Laboratoire Immubio chính hãng tại MF Paris với Physionorm Baby bổ sung lợi khuẩn và vitamin D. Xem thành phần, quy cách, cách dùng và giá bán."",""focusKeyword"":""Laboratoire Immubio chính hãng"",""breadcrumbLabel"":""Laboratoire Immubio"",""ogTitle"":""Laboratoire Immubio Chính Hãng | MF Paris"",""ogDescription"":""Khám phá sản phẩm Laboratoire Immubio chính hãng tại MF Paris. Xem thông tin, giá bán và lựa chọn sản phẩm phù hợp."",""ogImage"":null,""twitterImage"":null,""robotsIndex"":""index"",""robotsFollow"":""follow"",""canonicalOverride"":null,""sitemapInclude"":true,""sitemapPriority"":0.7,""sitemapChangeFrequency"":""weekly"",""schemaType"":""CollectionPage"",""customJsonLd"":null}"
brands,1116,Nutrisanté Laboratories,nutrisante-laboratories,Nutrisanté Laboratories Chính Hãng,"{""metaTitle"":""Chăm sóc sức khỏe Nutrisanté Laboratories | MF Paris"",""metaDescription"":""Nutrisanté Laboratories chính hãng tại MF Paris với Manhaé và sản phẩm bổ sung cho sức khỏe nữ giới. Xem thành phần, quy cách, cách dùng và giá bán."",""focusKeyword"":""Nutrisanté Laboratories chính hãng"",""breadcrumbLabel"":""Nutrisanté Laboratories"",""ogTitle"":""Nutrisanté Laboratories Chính Hãng | MF Paris"",""ogDescription"":""Khám phá sản phẩm Nutrisanté Laboratories chính hãng tại MF Paris. Xem thông tin, giá bán và lựa chọn sản phẩm phù hợp."",""ogImage"":null,""twitterImage"":null,""robotsIndex"":""index"",""robotsFollow"":""follow"",""canonicalOverride"":null,""sitemapInclude"":true,""sitemapPriority"":0.7,""sitemapChangeFrequency"":""weekly"",""schemaType"":""CollectionPage"",""customJsonLd"":null}"
brands,1115,Sephora,sephora,Sephora Chính Hãng,"{""metaTitle"":""Bộ quà nước hoa Sephora chính hãng | MF Paris"",""metaDescription"":""Sephora chính hãng tại MF Paris với bộ quà nước hoa mini Favourites Deluxe. Xem thành phần, quy cách, cách dùng và giá bán để chọn sản phẩm phù hợp."",""focusKeyword"":""Sephora chính hãng"",""breadcrumbLabel"":""Sephora"",""ogTitle"":""Sephora Chính Hãng | MF Paris"",""ogDescription"":""Khám phá sản phẩm Sephora chính hãng tại MF Paris. Xem thông tin, giá bán và lựa chọn sản phẩm phù hợp."",""ogImage"":null,""twitterImage"":null,""robotsIndex"":""index"",""robotsFollow"":""follow"",""canonicalOverride"":null,""sitemapInclude"":true,""sitemapPriority"":0.7,""sitemapChangeFrequency"":""weekly"",""schemaType"":""CollectionPage"",""customJsonLd"":null}"
brands,1114,Superdiet,superdiet,Superdiet Chính Hãng,"{""metaTitle"":""Thực phẩm bổ sung Superdiet chính hãng | MF Paris"",""metaDescription"":""Superdiet chính hãng tại MF Paris với collagen dạng uống, omega-3 và Actimincyl. Xem thành phần, quy cách, cách dùng và giá bán để chọn sản phẩm phù hợp."",""focusKeyword"":""superdiet"",""breadcrumbLabel"":""Superdiet"",""ogTitle"":""Superdiet Chính Hãng | Thực Phẩm Bổ Sung Pháp | MF Paris"",""ogDescription"":""Khám phá Superdiet chính hãng tại MF Paris: Actimincyl Bio, Drainaflore Bio, Collagen 5000mg và Omega 3 Junior cùng thông tin cách dùng, thành phần và lưu ý."",""ogImage"":null,""twitterImage"":null,""robotsIndex"":""index"",""robotsFollow"":""follow"",""canonicalOverride"":null,""sitemapInclude"":true,""sitemapPriority"":0.8,""sitemapChangeFrequency"":""weekly"",""schemaType"":""CollectionPage"",""customJsonLd"":null}"
brands,1113,Phyto,phyto,Phyto Chính Hãng,"{""metaTitle"":""Chăm sóc tóc Phyto chính hãng | MF Paris"",""metaDescription"":""Phyto chính hãng tại MF Paris với dầu gội, dưỡng tóc, màu nhuộm và dòng Phytocyane. Xem thành phần, quy cách, cách dùng và giá bán để chọn sản phẩm phù hợp."",""focusKeyword"":""Phyto chính hãng"",""breadcrumbLabel"":""Phyto"",""ogTitle"":""Phyto Chính Hãng | MF Paris"",""ogDescription"":""Nhắc đến các sản phẩm chăm sóc tóc thì chắc có lẽ bạn đã nghe đến cái tên, Phyto Paris . Ra đời từ năm 1969 bởi nhà tạo mẫu tóc huyền thoại người Pháp – Patri"",""ogImage"":null,""twitterImage"":null,""robotsIndex"":""index"",""robotsFollow"":""follow"",""canonicalOverride"":null,""sitemapInclude"":true,""sitemapPriority"":0.7,""sitemapChangeFrequency"":""weekly"",""schemaType"":""CollectionPage"",""customJsonLd"":null}"
brands,1112,Neutrogena,neutrogena,Neutrogena Chính Hãng,"{""metaTitle"":""Chăm sóc da Neutrogena chính hãng | MF Paris"",""metaDescription"":""Neutrogena chính hãng tại MF Paris với gel rửa mặt và tẩy tế bào chết Pureté Pamplemousse. Xem thành phần, quy cách, cách dùng và giá bán."",""focusKeyword"":""Neutrogena chính hãng"",""breadcrumbLabel"":""Neutrogena"",""ogTitle"":""Neutrogena Chính Hãng | MF Paris"",""ogDescription"":""Neutrogena là một thương hiệu của Gia đình Công ty Tiêu dùng Johnson & Johnson. Thương hiệu chăm sóc da được bác sĩ da liễu khuyên dùng, Neutrogena cung cấp m"",""ogImage"":null,""twitterImage"":null,""robotsIndex"":""index"",""robotsFollow"":""follow"",""canonicalOverride"":null,""sitemapInclude"":true,""sitemapPriority"":0.7,""sitemapChangeFrequency"":""weekly"",""schemaType"":""CollectionPage"",""customJsonLd"":null}"
brands,1111,Narciso Rodriguez,narciso-rodriguez,Narciso Rodriguez Chính Hãng,"{""metaTitle"":""Nước hoa Narciso Rodriguez chính hãng | MF Paris"",""metaDescription"":""Nước hoa Narciso Rodriguez chính hãng tại MF Paris với For Her, For Him và Pure Musc. So sánh phiên bản, nồng độ, dung tích và giá bán để chọn mùi phù hợp."",""focusKeyword"":""Narciso Rodriguez chính hãng"",""breadcrumbLabel"":""Narciso Rodriguez"",""ogTitle"":""Narciso Rodriguez Chính Hãng | MF Paris"",""ogDescription"":""Nếu bạn đã nghe nói đến Narciso Rodriguez thì chắc chắn bạn đã từng nghe nói đến nước hoa Narciso Rodriguez . Là một nhà thiết kế thời trang xuất sắc gốc Cuba"",""ogImage"":null,""twitterImage"":null,""robotsIndex"":""index"",""robotsFollow"":""follow"",""canonicalOverride"":null,""sitemapInclude"":true,""sitemapPriority"":0.7,""sitemapChangeFrequency"":""weekly"",""schemaType"":""CollectionPage"",""customJsonLd"":null}"
brands,1110,Montblanc,montblanc,Montblanc Chính Hãng,"{""metaTitle"":""Nước hoa Montblanc chính hãng | MF Paris"",""metaDescription"":""Nước hoa Montblanc chính hãng tại MF Paris với Explorer và Signature. So sánh phiên bản, nồng độ, dung tích và giá bán để chọn mùi phù hợp."",""focusKeyword"":""Montblanc chính hãng"",""breadcrumbLabel"":""Montblanc"",""ogTitle"":""Montblanc Chính Hãng | MF Paris"",""ogDescription"":""Montblanc , một thương hiệu sang trọng và đẳng cấp, được biết đến với những chiếc bút viết tinh xảo, biểu tượng của sự vươn lên, của khát vọng chinh phục nhữn"",""ogImage"":null,""twitterImage"":null,""robotsIndex"":""index"",""robotsFollow"":""follow"",""canonicalOverride"":null,""sitemapInclude"":true,""sitemapPriority"":0.7,""sitemapChangeFrequency"":""weekly"",""schemaType"":""CollectionPage"",""customJsonLd"":null}"
brands,1109,Mancera,mancera,Mancera Chính Hãng,"{""metaTitle"":""Nước hoa Mancera chính hãng | MF Paris"",""metaDescription"":""Nước hoa Mancera chính hãng tại MF Paris với Cedrat Boise và Velvet Vanilla. So sánh phiên bản, nồng độ, dung tích và giá bán để chọn mùi phù hợp."",""focusKeyword"":""Mancera chính hãng"",""breadcrumbLabel"":""Mancera"",""ogTitle"":""Mancera Chính Hãng | MF Paris"",""ogDescription"":""Khi nói đến thế giới niche, Nước hoa Mancera nổi bật như một thương hiệu thể hiện niềm đam mê, tính nghệ thuật và sự sáng tạo. Mancera được biết đến với thành"",""ogImage"":null,""twitterImage"":null,""robotsIndex"":""index"",""robotsFollow"":""follow"",""canonicalOverride"":null,""sitemapInclude"":true,""sitemapPriority"":0.7,""sitemapChangeFrequency"":""weekly"",""schemaType"":""CollectionPage"",""customJsonLd"":null}"
brands,1108,Jean Paul Gaultier,jean-paul-gaultier,Jean Paul Gaultier Chính Hãng,"{""metaTitle"":""Nước hoa Jean Paul Gaultier chính hãng | MF Paris"",""metaDescription"":""Nước hoa Jean Paul Gaultier chính hãng tại MF Paris với Le Male và Scandal. So sánh phiên bản, nồng độ, dung tích và giá bán để chọn mùi phù hợp."",""focusKeyword"":""Jean Paul Gaultier chính hãng"",""breadcrumbLabel"":""Jean Paul Gaultier"",""ogTitle"":""Jean Paul Gaultier Chính Hãng | MF Paris"",""ogDescription"":""Jean Paul Gaultier – cái tên đã trở thành biểu tượng của lòng dũng cảm và sự đổi mới trong ngành thời trang. Đó không phải là tất cả, nước hoa Jean Paul Gault"",""ogImage"":null,""twitterImage"":null,""robotsIndex"":""index"",""robotsFollow"":""follow"",""canonicalOverride"":null,""sitemapInclude"":true,""sitemapPriority"":0.7,""sitemapChangeFrequency"":""weekly"",""schemaType"":""CollectionPage"",""customJsonLd"":null}"
brands,1107,Dolce & Gabbana,dolce-gabbana,Dolce & Gabbana Chính Hãng,"{""metaTitle"":""Nước hoa Dolce & Gabbana chính hãng | MF Paris"",""metaDescription"":""Nước hoa Dolce & Gabbana chính hãng tại MF Paris với Light Blue và The One. So sánh phiên bản, nồng độ, dung tích và giá bán để chọn mùi phù hợp."",""focusKeyword"":""Dolce & Gabbana chính hãng"",""breadcrumbLabel"":""Dolce & Gabbana"",""ogTitle"":""Dolce & Gabbana Chính Hãng | MF Paris"",""ogDescription"":""Thương hiệu Dolce & Gabbana được ra đời từ tình giao hữu và sự kết hợp sáng tạo giữa hai nhà thiết kế, Domenico Dolce và Stefano Gabbana . Họ gặp nhau vào đầu"",""ogImage"":null,""twitterImage"":null,""robotsIndex"":""index"",""robotsFollow"":""follow"",""canonicalOverride"":null,""sitemapInclude"":true,""sitemapPriority"":0.7,""sitemapChangeFrequency"":""weekly"",""schemaType"":""CollectionPage"",""customJsonLd"":null}"
brands,1106,Decleor,decleor,Decleor Chính Hãng,"{""metaTitle"":""Mỹ phẩm Decléor: Chăm sóc da | MF Paris"",""metaDescription"":""Tìm hiểu mỹ phẩm Decléor tại MF Paris, từ sản phẩm chăm sóc da đến quy trình dưỡng da. Tham khảo thành phần và cách dùng để lựa chọn phù hợp."",""focusKeyword"":""Decleor chính hãng"",""breadcrumbLabel"":""Decleor"",""ogTitle"":""Decleor Chính Hãng | MF Paris"",""ogDescription"":""Lịch sử thương hiệu Decleor Thương hiệu Decleor được thành lập vào năm 1974. Ngay từ đầu, Decleor cung cấp những loại dầu chất lượng cao tinh khiết nhất và hi"",""ogImage"":null,""twitterImage"":null,""robotsIndex"":""index"",""robotsFollow"":""follow"",""canonicalOverride"":null,""sitemapInclude"":true,""sitemapPriority"":0.7,""sitemapChangeFrequency"":""weekly"",""schemaType"":""CollectionPage"",""customJsonLd"":null}"
brands,1105,Davidoff,davidoff,Davidoff Chính Hãng,"{""metaTitle"":""Nước hoa Davidoff chính hãng | MF Paris"",""metaDescription"":""Nước hoa Davidoff chính hãng tại MF Paris với Cool Water. So sánh phiên bản, nồng độ, dung tích và giá bán để chọn mùi phù hợp."",""focusKeyword"":""Davidoff chính hãng"",""breadcrumbLabel"":""Davidoff"",""ogTitle"":""Davidoff Chính Hãng | MF Paris"",""ogDescription"":""Nước hoa Davidoff , còn được gọi là Gino Davidoff Group, là một công ty thuộc sở hữu gia đình có trụ sở tại Thụy Sĩ, đã phát triển hữu cơ trong những năm qua "",""ogImage"":null,""twitterImage"":null,""robotsIndex"":""index"",""robotsFollow"":""follow"",""canonicalOverride"":null,""sitemapInclude"":true,""sitemapPriority"":0.7,""sitemapChangeFrequency"":""weekly"",""schemaType"":""CollectionPage"",""customJsonLd"":null}"
brands,1104,Carolina Herrera,carolina-herrera,Carolina Herrera Chính Hãng,"{""metaTitle"":""Nước hoa Carolina Herrera chính hãng | MF Paris"",""metaDescription"":""Nước hoa Carolina Herrera chính hãng tại MF Paris với Good Girl, Bad Boy và 212. So sánh phiên bản, nồng độ, dung tích và giá bán để chọn mùi phù hợp."",""focusKeyword"":""Carolina Herrera chính hãng"",""breadcrumbLabel"":""Carolina Herrera"",""ogTitle"":""Carolina Herrera Chính Hãng | MF Paris"",""ogDescription"":""Tại MF.Paris, chúng tôi tin rằng, thời trang không chỉ là những bộ cánh lộng lẫy mà còn là những nốt hương tinh tế, góp phần hoàn thiện phong cách và thể hiện"",""ogImage"":null,""twitterImage"":null,""robotsIndex"":""index"",""robotsFollow"":""follow"",""canonicalOverride"":null,""sitemapInclude"":true,""sitemapPriority"":0.7,""sitemapChangeFrequency"":""weekly"",""schemaType"":""CollectionPage"",""customJsonLd"":null}"
brands,1103,Carita,carita,Carita Chính Hãng,"{""metaTitle"":""Mỹ phẩm Carita: Chăm sóc da | MF Paris"",""metaDescription"":""Tìm hiểu mỹ phẩm Carita và các dòng chăm sóc da tại MF Paris. Tham khảo đặc điểm sản phẩm, quy trình dưỡng da và cách sử dụng trước khi lựa chọn."",""focusKeyword"":""Carita chính hãng"",""breadcrumbLabel"":""Carita"",""ogTitle"":""Carita Chính Hãng | MF Paris"",""ogDescription"":""La Maison de Beauté Carita mở cửa vào năm 1951 và là một địa điểm mang tính biểu tượng. Là biểu tượng của phong cách và chuyên môn của Pháp, thẩm mỹ viện độc "",""ogImage"":null,""twitterImage"":null,""robotsIndex"":""index"",""robotsFollow"":""follow"",""canonicalOverride"":null,""sitemapInclude"":true,""sitemapPriority"":0.7,""sitemapChangeFrequency"":""weekly"",""schemaType"":""CollectionPage"",""customJsonLd"":null}"
brands,1102,Avene,avene,Avene Chính Hãng,"{""metaTitle"":""Dược mỹ phẩm Avène chính hãng | MF Paris"",""metaDescription"":""Avène chính hãng tại MF Paris với Hydrance, Cleanance, Cicalfate và sản phẩm chống nắng. Xem thành phần, quy cách, cách dùng và giá bán."",""focusKeyword"":""Avene chính hãng"",""breadcrumbLabel"":""Avene"",""ogTitle"":""Avene Chính Hãng | MF Paris"",""ogDescription"":""Trong lĩnh vực dược mỹ phẩm, việc tìm kiếm một giải pháp vừa hiệu quả, vừa đảm bảo độ an toàn tối ưu cho làn da nhạy cảm là một yêu cầu khắt khe. Avène , thươ"",""ogImage"":null,""twitterImage"":null,""robotsIndex"":""index"",""robotsFollow"":""follow"",""canonicalOverride"":null,""sitemapInclude"":true,""sitemapPriority"":0.7,""sitemapChangeFrequency"":""weekly"",""schemaType"":""CollectionPage"",""customJsonLd"":null}"
brands,1101,Armaf,armaf,Armaf Chính Hãng,"{""metaTitle"":""Nước hoa Armaf chính hãng | MF Paris"",""metaDescription"":""Nước hoa Armaf chính hãng tại MF Paris với Club de Nuit và Le Parfait. So sánh phiên bản, nồng độ, dung tích và giá bán để chọn mùi phù hợp."",""focusKeyword"":""Armaf chính hãng"",""breadcrumbLabel"":""Armaf"",""ogTitle"":""Armaf Chính Hãng | MF Paris"",""ogDescription"":""ARMAF của STERLING là một thương hiệu Ả Rập nhưng được sản xuất tại Pháp một nền công nghiệp nước hoa lâu đời. Nước hoa Armaf đầy phong cách, sảng khoái và đầ"",""ogImage"":null,""twitterImage"":null,""robotsIndex"":""index"",""robotsFollow"":""follow"",""canonicalOverride"":null,""sitemapInclude"":true,""sitemapPriority"":0.7,""sitemapChangeFrequency"":""weekly"",""schemaType"":""CollectionPage"",""customJsonLd"":null}"
brands,1100,Al Haramain,al-haramain,Al Haramain Chính Hãng,"{""metaTitle"":""Nước hoa Al Haramain chính hãng | MF Paris"",""metaDescription"":""Nước hoa Al Haramain chính hãng tại MF Paris với Amber Oud. So sánh phiên bản, nồng độ, dung tích và giá bán để chọn mùi phù hợp."",""focusKeyword"":""Al Haramain chính hãng"",""breadcrumbLabel"":""Al Haramain"",""ogTitle"":""Al Haramain Chính Hãng | MF Paris"",""ogDescription"":""Nước hoa Al Haramain có trụ sở tại Các Tiểu vương quốc Ả Rập Thống nhất. Nó sản xuất ra nước hoa Ả Rập truyền thống ở nhiều dạng và nồng độ: tinh dầu, nước ho"",""ogImage"":null,""twitterImage"":null,""robotsIndex"":""index"",""robotsFollow"":""follow"",""canonicalOverride"":null,""sitemapInclude"":true,""sitemapPriority"":0.7,""sitemapChangeFrequency"":""weekly"",""schemaType"":""CollectionPage"",""customJsonLd"":null}"
brands,1099,Gucci,gucci,Gucci Chính Hãng,"{""metaTitle"":""Nước hoa và son Gucci chính hãng | MF Paris"",""metaDescription"":""Nước hoa Gucci Flora, Guilty và son Gucci Matte chính hãng tại MF Paris. Xem phiên bản mùi hương, màu son, quy cách và giá bán để lựa chọn phù hợp."",""focusKeyword"":""Gucci chính hãng"",""breadcrumbLabel"":""Gucci"",""ogTitle"":""Gucci Chính Hãng | MF Paris"",""ogDescription"":""Gucci, khi nhắc đến những thương hiệu xa xỉ, nổi bậc mà ai cũng ao ước, đây có thể là tên thương hiệu mà đến một nửa thế giới mong muốn sở hữu. Bởi đây là một"",""ogImage"":null,""twitterImage"":null,""robotsIndex"":""index"",""robotsFollow"":""follow"",""canonicalOverride"":null,""sitemapInclude"":true,""sitemapPriority"":0.7,""sitemapChangeFrequency"":""weekly"",""schemaType"":""CollectionPage"",""customJsonLd"":null}"
brands,1097,ZzzQuil,zzzquil,ZzzQuil Chính Hãng,"{""metaTitle"":""Hỗ trợ giấc ngủ ZzzQuil chính hãng | MF Paris"",""metaDescription"":""ZzzQuil chính hãng tại MF Paris với kẹo dẻo bổ sung ZzzQuil Sommeil dạng hộp. Xem thành phần, quy cách, cách dùng và giá bán để chọn sản phẩm phù hợp."",""focusKeyword"":""ZzzQuil chính hãng"",""breadcrumbLabel"":""ZzzQuil"",""ogTitle"":""ZzzQuil Chính Hãng | MF Paris"",""ogDescription"":""Khám phá sản phẩm ZzzQuil chính hãng tại MF Paris. Xem thông tin, giá bán và lựa chọn sản phẩm phù hợp."",""ogImage"":null,""twitterImage"":null,""robotsIndex"":""index"",""robotsFollow"":""follow"",""canonicalOverride"":null,""sitemapInclude"":true,""sitemapPriority"":0.7,""sitemapChangeFrequency"":""weekly"",""schemaType"":""CollectionPage"",""customJsonLd"":null}"
brands,1096,Zadig & Voltaire,zadig-voltaire,Zadig & Voltaire Chính Hãng,"{""metaTitle"":""Nước hoa Zadig & Voltaire chính hãng | MF Paris"",""metaDescription"":""Nước hoa Zadig & Voltaire chính hãng tại MF Paris với This Is Her và This Is Him. So sánh phiên bản, nồng độ, dung tích và giá bán để chọn mùi phù hợp."",""focusKeyword"":""Zadig & Voltaire chính hãng"",""breadcrumbLabel"":""Zadig & Voltaire"",""ogTitle"":""Zadig & Voltaire Chính Hãng | MF Paris"",""ogDescription"":""Khám phá sản phẩm Zadig & Voltaire chính hãng tại MF Paris. Xem thông tin, giá bán và lựa chọn sản phẩm phù hợp."",""ogImage"":null,""twitterImage"":null,""robotsIndex"":""index"",""robotsFollow"":""follow"",""canonicalOverride"":null,""sitemapInclude"":true,""sitemapPriority"":0.7,""sitemapChangeFrequency"":""weekly"",""schemaType"":""CollectionPage"",""customJsonLd"":null}"
brands,1095,Yves Saint Laurent,yves-saint-laurent,Yves Saint Laurent Chính Hãng,"{""metaTitle"":""Nước hoa Yves Saint Laurent chính hãng | MF Paris"",""metaDescription"":""Nước hoa Yves Saint Laurent chính hãng tại MF Paris với Libre, Black Opium và MYSLF. So sánh phiên bản, nồng độ, dung tích và giá bán để chọn mùi phù hợp."",""focusKeyword"":""Yves Saint Laurent chính hãng"",""breadcrumbLabel"":""Yves Saint Laurent"",""ogTitle"":""Yves Saint Laurent Chính Hãng | MF Paris"",""ogDescription"":""Không có gì bí mật khi Yves Saint Laurent ( hay còn gọi YSL) là một trong những nhãn hiệu thiết kế được thèm muốn nhất trên hành tinh, và bộ sưu tập các sản p"",""ogImage"":null,""twitterImage"":null,""robotsIndex"":""index"",""robotsFollow"":""follow"",""canonicalOverride"":null,""sitemapInclude"":true,""sitemapPriority"":0.7,""sitemapChangeFrequency"":""weekly"",""schemaType"":""CollectionPage"",""customJsonLd"":null}"
brands,1094,Xerjoff,xerjoff,Xerjoff Chính Hãng,"{""metaTitle"":""Nước hoa Xerjoff chính hãng | MF Paris"",""metaDescription"":""Nước hoa Xerjoff chính hãng tại MF Paris với Casamorati và Torino 21. So sánh phiên bản, nồng độ, dung tích và giá bán để chọn mùi phù hợp."",""focusKeyword"":""Xerjoff chính hãng"",""breadcrumbLabel"":""Xerjoff"",""ogTitle"":""Xerjoff Chính Hãng | MF Paris"",""ogDescription"":""Khám phá sản phẩm Xerjoff chính hãng tại MF Paris. Xem thông tin, giá bán và lựa chọn sản phẩm phù hợp."",""ogImage"":null,""twitterImage"":null,""robotsIndex"":""index"",""robotsFollow"":""follow"",""canonicalOverride"":null,""sitemapInclude"":true,""sitemapPriority"":0.7,""sitemapChangeFrequency"":""weekly"",""schemaType"":""CollectionPage"",""customJsonLd"":null}"
brands,1093,Woolworths,woolworths,Woolworths Chính Hãng,"{""metaTitle"":""Kem chống nắng Woolworths chính hãng | MF Paris"",""metaDescription"":""Woolworths chính hãng tại MF Paris với kem chống nắng Everyday Sunscreen SPF 50+. Xem thành phần, quy cách, cách dùng và giá bán để chọn sản phẩm phù hợp."",""focusKeyword"":""Woolworths chính hãng"",""breadcrumbLabel"":""Woolworths"",""ogTitle"":""Woolworths Chính Hãng | MF Paris"",""ogDescription"":""Khám phá sản phẩm Woolworths chính hãng tại MF Paris. Xem thông tin, giá bán và lựa chọn sản phẩm phù hợp."",""ogImage"":null,""twitterImage"":null,""robotsIndex"":""index"",""robotsFollow"":""follow"",""canonicalOverride"":null,""sitemapInclude"":true,""sitemapPriority"":0.7,""sitemapChangeFrequency"":""weekly"",""schemaType"":""CollectionPage"",""customJsonLd"":null}"
brands,1092,Weleda,weleda,Weleda Chính Hãng,"{""metaTitle"":""Chăm sóc mẹ và bé Weleda chính hãng | MF Paris"",""metaDescription"":""Weleda chính hãng tại MF Paris với trà Tisane Allaitement và dầu chăm sóc da cơ thể. Xem thành phần, quy cách, cách dùng và giá bán để chọn sản phẩm phù hợp."",""focusKeyword"":""Weleda chính hãng"",""breadcrumbLabel"":""Weleda"",""ogTitle"":""Weleda Chính Hãng | MF Paris"",""ogDescription"":""Khám phá sản phẩm Weleda chính hãng tại MF Paris. Xem thông tin, giá bán và lựa chọn sản phẩm phù hợp."",""ogImage"":null,""twitterImage"":null,""robotsIndex"":""index"",""robotsFollow"":""follow"",""canonicalOverride"":null,""sitemapInclude"":true,""sitemapPriority"":0.7,""sitemapChangeFrequency"":""weekly"",""schemaType"":""CollectionPage"",""customJsonLd"":null}"
brands,1091,Voltaren,voltaren,Voltaren Chính Hãng,"{""metaTitle"":""Gel dùng ngoài Voltaren chính hãng | MF Paris"",""metaDescription"":""Voltaren chính hãng tại MF Paris với gel Emulgel dùng ngoài da. Xem thành phần, quy cách, cách dùng và giá bán để chọn sản phẩm phù hợp."",""focusKeyword"":""Voltaren chính hãng"",""breadcrumbLabel"":""Voltaren"",""ogTitle"":""Voltaren Chính Hãng | MF Paris"",""ogDescription"":""Khám phá sản phẩm Voltaren chính hãng tại MF Paris. Xem thông tin, giá bán và lựa chọn sản phẩm phù hợp."",""ogImage"":null,""twitterImage"":null,""robotsIndex"":""index"",""robotsFollow"":""follow"",""canonicalOverride"":null,""sitemapInclude"":true,""sitemapPriority"":0.7,""sitemapChangeFrequency"":""weekly"",""schemaType"":""CollectionPage"",""customJsonLd"":null}"
brands,1090,Vitatree,vitatree,Vitatree Chính Hãng,"{""metaTitle"":""Thực phẩm bổ sung Vitatree chính hãng | MF Paris"",""metaDescription"":""Vitatree chính hãng tại MF Paris với dầu hoa anh thảo, ginkgo và sản phẩm bổ sung dinh dưỡng. Xem thành phần, quy cách, cách dùng và giá bán."",""focusKeyword"":""Vitatree chính hãng"",""breadcrumbLabel"":""Vitatree"",""ogTitle"":""Vitatree Chính Hãng | MF Paris"",""ogDescription"":""Khám phá sản phẩm Vitatree chính hãng tại MF Paris. Xem thông tin, giá bán và lựa chọn sản phẩm phù hợp."",""ogImage"":null,""twitterImage"":null,""robotsIndex"":""index"",""robotsFollow"":""follow"",""canonicalOverride"":null,""sitemapInclude"":true,""sitemapPriority"":0.7,""sitemapChangeFrequency"":""weekly"",""schemaType"":""CollectionPage"",""customJsonLd"":null}"
brands,1089,Viktor & Rolf,viktor-rolf,Viktor & Rolf Chính Hãng,"{""metaTitle"":""Nước hoa Viktor & Rolf chính hãng | MF Paris"",""metaDescription"":""Nước hoa Viktor & Rolf chính hãng tại MF Paris với Flowerbomb và Spicebomb. So sánh phiên bản, nồng độ, dung tích và giá bán để chọn mùi phù hợp."",""focusKeyword"":""Viktor & Rolf chính hãng"",""breadcrumbLabel"":""Viktor & Rolf"",""ogTitle"":""Viktor & Rolf Chính Hãng | MF Paris"",""ogDescription"":""Nước Hoa Viktor & Rolf được sinh ra bởi nh&agrave; thiết kế Viktor Horsting & Rolf Snoeren l&agrave; c&oacute; thể biến bất cứ thứ g&igrave; th&agrave;nh một "",""ogImage"":null,""twitterImage"":null,""robotsIndex"":""index"",""robotsFollow"":""follow"",""canonicalOverride"":null,""sitemapInclude"":true,""sitemapPriority"":0.7,""sitemapChangeFrequency"":""weekly"",""schemaType"":""CollectionPage"",""customJsonLd"":null}"
brands,1088,Victoria's Secret,victorias-secret,Victoria's Secret Chính Hãng,"{""metaTitle"":""Nước hoa Victoria's Secret chính hãng | MF Paris"",""metaDescription"":""Nước hoa Victoria's Secret chính hãng tại MF Paris với Bombshell. So sánh phiên bản, nồng độ, dung tích và giá bán để chọn mùi phù hợp."",""focusKeyword"":""Victoria's Secret chính hãng"",""breadcrumbLabel"":""Victoria's Secret"",""ogTitle"":""Victoria's Secret Chính Hãng | MF Paris"",""ogDescription"":""Khám phá sản phẩm Victoria's Secret chính hãng tại MF Paris. Xem thông tin, giá bán và lựa chọn sản phẩm phù hợp."",""ogImage"":null,""twitterImage"":null,""robotsIndex"":""index"",""robotsFollow"":""follow"",""canonicalOverride"":null,""sitemapInclude"":true,""sitemapPriority"":0.7,""sitemapChangeFrequency"":""weekly"",""schemaType"":""CollectionPage"",""customJsonLd"":null}"
brands,1087,Vichy,vichy,Vichy Chính Hãng,"{""metaTitle"":""Dược mỹ phẩm Vichy chính hãng | MF Paris"",""metaDescription"":""Vichy chính hãng tại MF Paris với Liftactiv, Neovadiol và các sản phẩm chăm sóc da. Xem thành phần, quy cách, cách dùng và giá bán để chọn sản phẩm phù hợp."",""focusKeyword"":""Vichy chính hãng"",""breadcrumbLabel"":""Vichy"",""ogTitle"":""Vichy Chính Hãng | MF Paris"",""ogDescription"":""Lịch sử của Vichy bắt đầu ở Auvergne. Kể từ khi thành lập thương hiệu vào năm 1931, sứ mệnh của thương hiệu luôn được giữ nguyên: giúp phụ nữ chăm sóc da hiệu"",""ogImage"":null,""twitterImage"":null,""robotsIndex"":""index"",""robotsFollow"":""follow"",""canonicalOverride"":null,""sitemapInclude"":true,""sitemapPriority"":0.7,""sitemapChangeFrequency"":""weekly"",""schemaType"":""CollectionPage"",""customJsonLd"":null}"
brands,1086,Versace,versace,Versace Chính Hãng,"{""metaTitle"":""Nước hoa Versace chính hãng | MF Paris"",""metaDescription"":""Nước hoa Versace chính hãng tại MF Paris với Eros và Dylan. So sánh phiên bản, nồng độ, dung tích và giá bán để chọn mùi phù hợp."",""focusKeyword"":""Versace chính hãng"",""breadcrumbLabel"":""Versace"",""ogTitle"":""Versace Chính Hãng | MF Paris"",""ogDescription"":""Versace có phải là một thương hiệu xa xỉ? Đây là câu hỏi được đặt ra bởi tất cả những ai muốn tìm kiếm những sản phẩm độc quyền, đáng chú ý và chất lượng cao."",""ogImage"":null,""twitterImage"":null,""robotsIndex"":""index"",""robotsFollow"":""follow"",""canonicalOverride"":null,""sitemapInclude"":true,""sitemapPriority"":0.7,""sitemapChangeFrequency"":""weekly"",""schemaType"":""CollectionPage"",""customJsonLd"":null}"
brands,1085,Velixir,velixir,Velixir Chính Hãng,"{""metaTitle"":""Nước hoa Velixir chính hãng | MF Paris"",""metaDescription"":""Nước hoa Velixir chính hãng tại MF Paris với Athena. So sánh phiên bản, nồng độ, dung tích và giá bán để chọn mùi phù hợp."",""focusKeyword"":""Velixir chính hãng"",""breadcrumbLabel"":""Velixir"",""ogTitle"":""Velixir Chính Hãng | MF Paris"",""ogDescription"":""Khám phá sản phẩm Velixir chính hãng tại MF Paris. Xem thông tin, giá bán và lựa chọn sản phẩm phù hợp."",""ogImage"":null,""twitterImage"":null,""robotsIndex"":""index"",""robotsFollow"":""follow"",""canonicalOverride"":null,""sitemapInclude"":true,""sitemapPriority"":0.7,""sitemapChangeFrequency"":""weekly"",""schemaType"":""CollectionPage"",""customJsonLd"":null}"
brands,1084,Van Cleef & Arpels,van-cleef-arpels,Van Cleef & Arpels Chính Hãng,"{""metaTitle"":""Nước hoa Van Cleef & Arpels chính hãng | MF Paris"",""metaDescription"":""Nước hoa Van Cleef & Arpels chính hãng tại MF Paris với Oud Blanc và Santal Blanc. So sánh phiên bản, nồng độ, dung tích và giá bán để chọn mùi phù hợp."",""focusKeyword"":""Van Cleef & Arpels chính hãng"",""breadcrumbLabel"":""Van Cleef & Arpels"",""ogTitle"":""Van Cleef & Arpels Chính Hãng | MF Paris"",""ogDescription"":""Khám phá sản phẩm Van Cleef & Arpels chính hãng tại MF Paris. Xem thông tin, giá bán và lựa chọn sản phẩm phù hợp."",""ogImage"":null,""twitterImage"":null,""robotsIndex"":""index"",""robotsFollow"":""follow"",""canonicalOverride"":null,""sitemapInclude"":true,""sitemapPriority"":0.7,""sitemapChangeFrequency"":""weekly"",""schemaType"":""CollectionPage"",""customJsonLd"":null}"
brands,1083,Valentino,valentino,Valentino Chính Hãng,"{""metaTitle"":""Nước hoa Valentino chính hãng | MF Paris"",""metaDescription"":""Nước hoa Valentino chính hãng tại MF Paris với Born in Roma. So sánh phiên bản, nồng độ, dung tích và giá bán để chọn mùi phù hợp."",""focusKeyword"":""Valentino chính hãng"",""breadcrumbLabel"":""Valentino"",""ogTitle"":""Valentino Chính Hãng | MF Paris"",""ogDescription"":""Khám phá sản phẩm Valentino chính hãng tại MF Paris. Xem thông tin, giá bán và lựa chọn sản phẩm phù hợp."",""ogImage"":null,""twitterImage"":null,""robotsIndex"":""index"",""robotsFollow"":""follow"",""canonicalOverride"":null,""sitemapInclude"":true,""sitemapPriority"":0.7,""sitemapChangeFrequency"":""weekly"",""schemaType"":""CollectionPage"",""customJsonLd"":null}"
brands,1082,Vagisan,vagisan,Vagisan Chính Hãng,"{""metaTitle"":""Vagisan: Vệ sinh và dưỡng ẩm vùng kín | MF Paris"",""metaDescription"":""Vagisan chính hãng tại MF Paris với dung dịch Intimwaschlotion, kem và viên dưỡng ẩm FeuchtCreme. Xem thành phần, cách dùng và giá bán từng sản phẩm."",""focusKeyword"":""Vagisan chính hãng"",""breadcrumbLabel"":""Vagisan"",""ogTitle"":""Vagisan Chính Hãng | MF Paris"",""ogDescription"":""Vagisan là thương hiệu chăm sóc vùng kín dành cho phụ nữ được phát triển bởi Dr. August Wolff tại Đức. Các sản phẩm Vagisan tập trung vào những nhu cầu như vệ"",""ogImage"":null,""twitterImage"":null,""robotsIndex"":""index"",""robotsFollow"":""follow"",""canonicalOverride"":null,""sitemapInclude"":true,""sitemapPriority"":0.7,""sitemapChangeFrequency"":""weekly"",""schemaType"":""CollectionPage"",""customJsonLd"":null}"
brands,1081,Uriage,uriage,Uriage Chính Hãng,"{""metaTitle"":""Dược mỹ phẩm Uriage chính hãng | MF Paris"",""metaDescription"":""Uriage chính hãng tại MF Paris với Bariéderm, Hyséac và kem chống nắng Bariésun. Xem thành phần, quy cách, cách dùng và giá bán để chọn sản phẩm phù hợp."",""focusKeyword"":""Uriage chính hãng"",""breadcrumbLabel"":""Uriage"",""ogTitle"":""Uriage Chính Hãng | MF Paris"",""ogDescription"":""Khám phá sản phẩm Uriage chính hãng tại MF Paris. Xem thông tin, giá bán và lựa chọn sản phẩm phù hợp."",""ogImage"":null,""twitterImage"":null,""robotsIndex"":""index"",""robotsFollow"":""follow"",""canonicalOverride"":null,""sitemapInclude"":true,""sitemapPriority"":0.7,""sitemapChangeFrequency"":""weekly"",""schemaType"":""CollectionPage"",""customJsonLd"":null}"
brands,1080,Trussardi,trussardi,Trussardi Chính Hãng,"{""metaTitle"":""Nước hoa Trussardi chính hãng | MF Paris"",""metaDescription"":""Nước hoa Trussardi chính hãng tại MF Paris với Uomo và Donna. So sánh phiên bản, nồng độ, dung tích và giá bán để chọn mùi phù hợp."",""focusKeyword"":""Trussardi chính hãng"",""breadcrumbLabel"":""Trussardi"",""ogTitle"":""Trussardi Chính Hãng | MF Paris"",""ogDescription"":""Năm 1877, nhà thiết kế Dante Trussardi mở xưởng sản xuất găng tay da ở Bergamo, Ý, nơi trở thành xưởng độc quyền dành cho các khách hàng cao cấp. Chất lượng c"",""ogImage"":null,""twitterImage"":null,""robotsIndex"":""index"",""robotsFollow"":""follow"",""canonicalOverride"":null,""sitemapInclude"":true,""sitemapPriority"":0.7,""sitemapChangeFrequency"":""weekly"",""schemaType"":""CollectionPage"",""customJsonLd"":null}"
brands,1079,TOPICREM,topicrem,TOPICREM Chính Hãng,"{""metaTitle"":""Chăm sóc da TOPICREM chính hãng | MF Paris"",""metaDescription"":""TOPICREM chính hãng tại MF Paris với son dưỡng môi Ultra-Hydratant và sản phẩm dưỡng ẩm. Xem thành phần, quy cách, cách dùng và giá bán."",""focusKeyword"":""TOPICREM chính hãng"",""breadcrumbLabel"":""TOPICREM"",""ogTitle"":""TOPICREM Chính Hãng | MF Paris"",""ogDescription"":""Khám phá sản phẩm TOPICREM chính hãng tại MF Paris. Xem thông tin, giá bán và lựa chọn sản phẩm phù hợp."",""ogImage"":null,""twitterImage"":null,""robotsIndex"":""index"",""robotsFollow"":""follow"",""canonicalOverride"":null,""sitemapInclude"":true,""sitemapPriority"":0.7,""sitemapChangeFrequency"":""weekly"",""schemaType"":""CollectionPage"",""customJsonLd"":null}"
brands,1078,Tommy Hilfiger,tommy-hilfiger,Tommy Hilfiger Chính Hãng,"{""metaTitle"":""Nước hoa Tommy Hilfiger chính hãng | MF Paris"",""metaDescription"":""Nước hoa Tommy Hilfiger chính hãng tại MF Paris với Tommy và Tommy Girl. So sánh phiên bản, nồng độ, dung tích và giá bán để chọn mùi phù hợp."",""focusKeyword"":""Tommy Hilfiger chính hãng"",""breadcrumbLabel"":""Tommy Hilfiger"",""ogTitle"":""Tommy Hilfiger Chính Hãng | MF Paris"",""ogDescription"":""Khám phá sản phẩm Tommy Hilfiger chính hãng tại MF Paris. Xem thông tin, giá bán và lựa chọn sản phẩm phù hợp."",""ogImage"":null,""twitterImage"":null,""robotsIndex"":""index"",""robotsFollow"":""follow"",""canonicalOverride"":null,""sitemapInclude"":true,""sitemapPriority"":0.7,""sitemapChangeFrequency"":""weekly"",""schemaType"":""CollectionPage"",""customJsonLd"":null}"
brands,1077,Tom Ford,tom-ford,Tom Ford Chính Hãng,"{""metaTitle"":""Nước hoa Tom Ford chính hãng | MF Paris"",""metaDescription"":""Nước hoa Tom Ford chính hãng tại MF Paris với Ombre Leather và Grey Vetiver. So sánh phiên bản, nồng độ, dung tích và giá bán để chọn mùi phù hợp."",""focusKeyword"":""Tom Ford chính hãng"",""breadcrumbLabel"":""Tom Ford"",""ogTitle"":""Tom Ford Chính Hãng | MF Paris"",""ogDescription"":""Tom Ford SA, cách điệu là TOM FORD , đã trở thành một biểu tượng trong thế giới thời trang cao cấp và nước hoa với những bộ sưu tập tinh tế và độc đáo. Được t"",""ogImage"":null,""twitterImage"":null,""robotsIndex"":""index"",""robotsFollow"":""follow"",""canonicalOverride"":null,""sitemapInclude"":true,""sitemapPriority"":0.7,""sitemapChangeFrequency"":""weekly"",""schemaType"":""CollectionPage"",""customJsonLd"":null}"
brands,1076,Thompsons,thompsons,Thompsons Chính Hãng,"{""metaTitle"":""Thực phẩm bổ sung Thompson’s chính hãng | MF Paris"",""metaDescription"":""Thompson’s chính hãng tại MF Paris với viên uống chiết xuất cần tây Celery 5000mg. Xem thành phần, quy cách, cách dùng và giá bán để chọn sản phẩm phù hợp."",""focusKeyword"":""Thompsons chính hãng"",""breadcrumbLabel"":""Thompsons"",""ogTitle"":""Thompsons Chính Hãng | MF Paris"",""ogDescription"":""Khám phá sản phẩm Thompsons chính hãng tại MF Paris. Xem thông tin, giá bán và lựa chọn sản phẩm phù hợp."",""ogImage"":null,""twitterImage"":null,""robotsIndex"":""index"",""robotsFollow"":""follow"",""canonicalOverride"":null,""sitemapInclude"":true,""sitemapPriority"":0.7,""sitemapChangeFrequency"":""weekly"",""schemaType"":""CollectionPage"",""customJsonLd"":null}"
brands,1075,Thomas Kosmala,thomas-kosmala,Thomas Kosmala Chính Hãng,"{""metaTitle"":""Nước hoa Thomas Kosmala chính hãng | MF Paris"",""metaDescription"":""Nước hoa Thomas Kosmala chính hãng tại MF Paris với Après l'Amour và Désir du Coeur. So sánh phiên bản, nồng độ, dung tích và giá bán để chọn mùi phù hợp."",""focusKeyword"":""Thomas Kosmala chính hãng"",""breadcrumbLabel"":""Thomas Kosmala"",""ogTitle"":""Thomas Kosmala Chính Hãng | MF Paris"",""ogDescription"":""Khám phá sản phẩm Thomas Kosmala chính hãng tại MF Paris. Xem thông tin, giá bán và lựa chọn sản phẩm phù hợp."",""ogImage"":null,""twitterImage"":null,""robotsIndex"":""index"",""robotsFollow"":""follow"",""canonicalOverride"":null,""sitemapInclude"":true,""sitemapPriority"":0.7,""sitemapChangeFrequency"":""weekly"",""schemaType"":""CollectionPage"",""customJsonLd"":null}"
brands,1074,Thierry Mugler,thierry-mugler,Thierry Mugler Chính Hãng,"{""metaTitle"":""Nước hoa Thierry Mugler chính hãng | MF Paris"",""metaDescription"":""Nước hoa Thierry Mugler chính hãng tại MF Paris với Alien và Angel. So sánh phiên bản, nồng độ, dung tích và giá bán để chọn mùi phù hợp."",""focusKeyword"":""Thierry Mugler chính hãng"",""breadcrumbLabel"":""Thierry Mugler"",""ogTitle"":""Thierry Mugler Chính Hãng | MF Paris"",""ogDescription"":""Thierry Mugler là nhà thiết kế thời trang và nhiếp ảnh gia người Pháp nổi tiếng với phong cách thời trang quyền lực những năm 1980 và được công nhận rộng rãi "",""ogImage"":null,""twitterImage"":null,""robotsIndex"":""index"",""robotsFollow"":""follow"",""canonicalOverride"":null,""sitemapInclude"":true,""sitemapPriority"":0.7,""sitemapChangeFrequency"":""weekly"",""schemaType"":""CollectionPage"",""customJsonLd"":null}"
brands,1073,The Woods Collection,the-woods-collection,The Woods Collection Chính Hãng,"{""metaTitle"":""Nước hoa The Woods Collection chính hãng | MF Paris"",""metaDescription"":""Nước hoa The Woods Collection chính hãng tại MF Paris với Dusk và Flame. So sánh phiên bản, nồng độ, dung tích và giá bán để chọn mùi phù hợp."",""focusKeyword"":""The Woods Collection chính hãng"",""breadcrumbLabel"":""The Woods Collection"",""ogTitle"":""The Woods Collection Chính Hãng | MF Paris"",""ogDescription"":""Khám phá sản phẩm The Woods Collection chính hãng tại MF Paris. Xem thông tin, giá bán và lựa chọn sản phẩm phù hợp."",""ogImage"":null,""twitterImage"":null,""robotsIndex"":""index"",""robotsFollow"":""follow"",""canonicalOverride"":null,""sitemapInclude"":true,""sitemapPriority"":0.7,""sitemapChangeFrequency"":""weekly"",""schemaType"":""CollectionPage"",""customJsonLd"":null}"
brands,1072,The Merchant of Venice,the-merchant-of-venice,The Merchant of Venice Chính Hãng,"{""metaTitle"":""Nước hoa The Merchant of Venice chính hãng | MF Paris"",""metaDescription"":""Nước hoa The Merchant of Venice chính hãng tại MF Paris với Blue Tea và Imperial Emerald. So sánh phiên bản, nồng độ, dung tích và giá bán để chọn mùi phù hợp."",""focusKeyword"":""The Merchant of Venice chính hãng"",""breadcrumbLabel"":""The Merchant of Venice"",""ogTitle"":""The Merchant of Venice Chính Hãng | MF Paris"",""ogDescription"":""Khám phá sản phẩm The Merchant of Venice chính hãng tại MF Paris. Xem thông tin, giá bán và lựa chọn sản phẩm phù hợp."",""ogImage"":null,""twitterImage"":null,""robotsIndex"":""index"",""robotsFollow"":""follow"",""canonicalOverride"":null,""sitemapInclude"":true,""sitemapPriority"":0.7,""sitemapChangeFrequency"":""weekly"",""schemaType"":""CollectionPage"",""customJsonLd"":null}"
brands,1071,The Harmonist,the-harmonist,The Harmonist Chính Hãng,"{""metaTitle"":""Nước hoa The Harmonist chính hãng | MF Paris"",""metaDescription"":""Nước hoa The Harmonist chính hãng tại MF Paris với Guiding Water và Velvet Fire. So sánh phiên bản, nồng độ, dung tích và giá bán để chọn mùi phù hợp."",""focusKeyword"":""The Harmonist chính hãng"",""breadcrumbLabel"":""The Harmonist"",""ogTitle"":""The Harmonist Chính Hãng | MF Paris"",""ogDescription"":""Khám phá sản phẩm The Harmonist chính hãng tại MF Paris. Xem thông tin, giá bán và lựa chọn sản phẩm phù hợp."",""ogImage"":null,""twitterImage"":null,""robotsIndex"":""index"",""robotsFollow"":""follow"",""canonicalOverride"":null,""sitemapInclude"":true,""sitemapPriority"":0.7,""sitemapChangeFrequency"":""weekly"",""schemaType"":""CollectionPage"",""customJsonLd"":null}"
brands,1070,Swisse,swisse,Swisse Chính Hãng,"{""metaTitle"":""Vitamin và thực phẩm bổ sung Swisse | MF Paris"",""metaDescription"":""Tìm hiểu vitamin, khoáng chất và thực phẩm bổ sung Swisse tại MF Paris. Tham khảo thành phần, hàm lượng, đối tượng và hướng dẫn sử dụng sản phẩm."",""focusKeyword"":""Swisse chính hãng"",""breadcrumbLabel"":""Swisse"",""ogTitle"":""Swisse Chính Hãng | MF Paris"",""ogDescription"":""Khám phá sản phẩm Swisse chính hãng tại MF Paris. Xem thông tin, giá bán và lựa chọn sản phẩm phù hợp."",""ogImage"":null,""twitterImage"":null,""robotsIndex"":""index"",""robotsFollow"":""follow"",""canonicalOverride"":null,""sitemapInclude"":true,""sitemapPriority"":0.7,""sitemapChangeFrequency"":""weekly"",""schemaType"":""CollectionPage"",""customJsonLd"":null}"
brands,1069,SVR,svr,Dược Mỹ Phẩm SVR Chính Hãng,"{""metaTitle"":""Dược mỹ phẩm SVR chính hãng | MF Paris"",""metaDescription"":""SVR chính hãng tại MF Paris với Sebiaclear, Sensifine, Densitium và Sun Secure. Xem thành phần, quy cách, cách dùng và giá bán để chọn sản phẩm phù hợp."",""focusKeyword"":""SVR chính hãng"",""breadcrumbLabel"":""SVR"",""ogTitle"":""SVR Chính Hãng | MF Paris"",""ogDescription"":""Mỹ phẩm SVR được nhiều người lựa chọn nhờ cách phát triển sản phẩm dựa trên từng loại da và tình trạng da cụ thể. Từ da dầu dễ nổi mụn, da nhạy cảm, da không "",""ogImage"":null,""twitterImage"":null,""robotsIndex"":""index"",""robotsFollow"":""follow"",""canonicalOverride"":null,""sitemapInclude"":true,""sitemapPriority"":0.7,""sitemapChangeFrequency"":""weekly"",""schemaType"":""CollectionPage"",""customJsonLd"":null}"
brands,1068,Suddenly,suddenly,Suddenly Chính Hãng,"{""metaTitle"":""Nước hoa Suddenly chính hãng | MF Paris"",""metaDescription"":""Nước hoa Suddenly chính hãng tại MF Paris với Madame Glamour và Lovely. So sánh phiên bản, nồng độ, dung tích và giá bán để chọn mùi phù hợp."",""focusKeyword"":""Suddenly chính hãng"",""breadcrumbLabel"":""Suddenly"",""ogTitle"":""Suddenly Chính Hãng | MF Paris"",""ogDescription"":""Khám phá sản phẩm Suddenly chính hãng tại MF Paris. Xem thông tin, giá bán và lựa chọn sản phẩm phù hợp."",""ogImage"":null,""twitterImage"":null,""robotsIndex"":""index"",""robotsFollow"":""follow"",""canonicalOverride"":null,""sitemapInclude"":true,""sitemapPriority"":0.7,""sitemapChangeFrequency"":""weekly"",""schemaType"":""CollectionPage"",""customJsonLd"":null}"
brands,1067,Spring Leaf,spring-leaf,Spring Leaf Chính Hãng,"{""metaTitle"":""Thực phẩm bổ sung Spring Leaf | MF Paris"",""metaDescription"":""Tìm hiểu thực phẩm bổ sung Spring Leaf tại MF Paris. Tham khảo thành phần, dạng dùng, quy cách và cách sử dụng để chọn theo nhu cầu dinh dưỡng."",""focusKeyword"":""Spring Leaf chính hãng"",""breadcrumbLabel"":""Spring Leaf"",""ogTitle"":""Spring Leaf Chính Hãng | MF Paris"",""ogDescription"":""Khám phá sản phẩm Spring Leaf chính hãng tại MF Paris. Xem thông tin, giá bán và lựa chọn sản phẩm phù hợp."",""ogImage"":null,""twitterImage"":null,""robotsIndex"":""index"",""robotsFollow"":""follow"",""canonicalOverride"":null,""sitemapInclude"":true,""sitemapPriority"":0.7,""sitemapChangeFrequency"":""weekly"",""schemaType"":""CollectionPage"",""customJsonLd"":null}"
brands,1066,Sospiro,sospiro,Sospiro Chính Hãng,"{""metaTitle"":""Nước hoa Sospiro chính hãng | MF Paris"",""metaDescription"":""Nước hoa Sospiro chính hãng tại MF Paris với Basso và Vibrato. So sánh phiên bản, nồng độ, dung tích và giá bán để chọn mùi phù hợp."",""focusKeyword"":""Sospiro chính hãng"",""breadcrumbLabel"":""Sospiro"",""ogTitle"":""Sospiro Chính Hãng | MF Paris"",""ogDescription"":""Khám phá sản phẩm Sospiro chính hãng tại MF Paris. Xem thông tin, giá bán và lựa chọn sản phẩm phù hợp."",""ogImage"":null,""twitterImage"":null,""robotsIndex"":""index"",""robotsFollow"":""follow"",""canonicalOverride"":null,""sitemapInclude"":true,""sitemapPriority"":0.7,""sitemapChangeFrequency"":""weekly"",""schemaType"":""CollectionPage"",""customJsonLd"":null}"
brands,1065,Somatoline Cosmetic,somatoline-cosmetic,Somatoline Cosmetic Chính Hãng,"{""metaTitle"":""Chăm sóc cơ thể Somatoline Cosmetic chính hãng | MF Paris"",""metaDescription"":""Somatoline Cosmetic chính hãng tại MF Paris với sản phẩm chăm sóc da cơ thể và dòng Active Post Sport. Xem thành phần, quy cách, cách dùng và giá bán."",""focusKeyword"":""Somatoline Cosmetic chính hãng"",""breadcrumbLabel"":""Somatoline Cosmetic"",""ogTitle"":""Somatoline Cosmetic Chính Hãng | MF Paris"",""ogDescription"":""Khám phá sản phẩm Somatoline Cosmetic chính hãng tại MF Paris. Xem thông tin, giá bán và lựa chọn sản phẩm phù hợp."",""ogImage"":null,""twitterImage"":null,""robotsIndex"":""index"",""robotsFollow"":""follow"",""canonicalOverride"":null,""sitemapInclude"":true,""sitemapPriority"":0.7,""sitemapChangeFrequency"":""weekly"",""schemaType"":""CollectionPage"",""customJsonLd"":null}"
brands,1064,Skinceuticals,skinceuticals,Skinceuticals Chính Hãng,"{""metaTitle"":""Dược mỹ phẩm SkinCeuticals chính hãng | MF Paris"",""metaDescription"":""SkinCeuticals chính hãng tại MF Paris với serum C E Ferulic, Silymarin CF và chăm sóc da. Xem thành phần, quy cách, cách dùng và giá bán."",""focusKeyword"":""Skinceuticals chính hãng"",""breadcrumbLabel"":""Skinceuticals"",""ogTitle"":""Skinceuticals Chính Hãng | MF Paris"",""ogDescription"":""Khám phá sản phẩm Skinceuticals chính hãng tại MF Paris. Xem thông tin, giá bán và lựa chọn sản phẩm phù hợp."",""ogImage"":null,""twitterImage"":null,""robotsIndex"":""index"",""robotsFollow"":""follow"",""canonicalOverride"":null,""sitemapInclude"":true,""sitemapPriority"":0.7,""sitemapChangeFrequency"":""weekly"",""schemaType"":""CollectionPage"",""customJsonLd"":null}"
brands,1063,Skin Proud,skin-proud,Skin Proud Chính Hãng,"{""metaTitle"":""Chăm sóc da Skin Proud chính hãng | MF Paris"",""metaDescription"":""Skin Proud chính hãng tại MF Paris với xịt dưỡng ẩm Refresher Hydrating Face Mist. Xem thành phần, quy cách, cách dùng và giá bán để chọn sản phẩm phù hợp."",""focusKeyword"":""Skin Proud chính hãng"",""breadcrumbLabel"":""Skin Proud"",""ogTitle"":""Skin Proud Chính Hãng | MF Paris"",""ogDescription"":""Khám phá sản phẩm Skin Proud chính hãng tại MF Paris. Xem thông tin, giá bán và lựa chọn sản phẩm phù hợp."",""ogImage"":null,""twitterImage"":null,""robotsIndex"":""index"",""robotsFollow"":""follow"",""canonicalOverride"":null,""sitemapInclude"":true,""sitemapPriority"":0.7,""sitemapChangeFrequency"":""weekly"",""schemaType"":""CollectionPage"",""customJsonLd"":null}"
brands,1062,Shu Uemura,shu-uemura,Shu Uemura Chính Hãng,"{""metaTitle"":""Son môi Shu Uemura chính hãng | MF Paris"",""metaDescription"":""Shu Uemura chính hãng tại MF Paris với son Rouge Unlimited Amplified và lựa chọn màu son. Xem thành phần, quy cách, cách dùng và giá bán."",""focusKeyword"":""Shu Uemura chính hãng"",""breadcrumbLabel"":""Shu Uemura"",""ogTitle"":""Shu Uemura Chính Hãng | MF Paris"",""ogDescription"":""Khám phá sản phẩm Shu Uemura chính hãng tại MF Paris. Xem thông tin, giá bán và lựa chọn sản phẩm phù hợp."",""ogImage"":null,""twitterImage"":null,""robotsIndex"":""index"",""robotsFollow"":""follow"",""canonicalOverride"":null,""sitemapInclude"":true,""sitemapPriority"":0.7,""sitemapChangeFrequency"":""weekly"",""schemaType"":""CollectionPage"",""customJsonLd"":null}"
brands,1061,Serge Lutens,serge-lutens,Serge Lutens Chính Hãng,"{""metaTitle"":""Nước hoa Serge Lutens chính hãng | MF Paris"",""metaDescription"":""Nước hoa Serge Lutens chính hãng tại MF Paris với Nuit de Cellophane và Un Bois Vanille. So sánh phiên bản, nồng độ, dung tích và giá bán để chọn mùi phù hợp."",""focusKeyword"":""Serge Lutens chính hãng"",""breadcrumbLabel"":""Serge Lutens"",""ogTitle"":""Serge Lutens Chính Hãng | MF Paris"",""ogDescription"":""Khám phá sản phẩm Serge Lutens chính hãng tại MF Paris. Xem thông tin, giá bán và lựa chọn sản phẩm phù hợp."",""ogImage"":null,""twitterImage"":null,""robotsIndex"":""index"",""robotsFollow"":""follow"",""canonicalOverride"":null,""sitemapInclude"":true,""sitemapPriority"":0.7,""sitemapChangeFrequency"":""weekly"",""schemaType"":""CollectionPage"",""customJsonLd"":null}"
brands,1060,Sensly,sensly,Sensly Chính Hãng,"{""metaTitle"":""Bàn chải điện Sensly chính hãng | MF Paris"",""metaDescription"":""Bàn chải đánh răng điện Sensly dùng pin chính hãng tại MF Paris. Xem thiết kế, phụ kiện, cách sử dụng và giá bán để lựa chọn cho chăm sóc răng miệng."",""focusKeyword"":""Sensly chính hãng"",""breadcrumbLabel"":""Sensly"",""ogTitle"":""Sensly Chính Hãng | MF Paris"",""ogDescription"":""Khám phá sản phẩm Sensly chính hãng tại MF Paris. Xem thông tin, giá bán và lựa chọn sản phẩm phù hợp."",""ogImage"":null,""twitterImage"":null,""robotsIndex"":""index"",""robotsFollow"":""follow"",""canonicalOverride"":null,""sitemapInclude"":true,""sitemapPriority"":0.7,""sitemapChangeFrequency"":""weekly"",""schemaType"":""CollectionPage"",""customJsonLd"":null}"
brands,1059,Sensilis,sensilis,Sensilis Chính Hãng,"{""metaTitle"":""Dược mỹ phẩm Sensilis chính hãng | MF Paris"",""metaDescription"":""Sensilis chính hãng tại MF Paris với tẩy trang, làm sạch, dưỡng da và kem chống nắng. Xem thành phần, quy cách, cách dùng và giá bán để chọn sản phẩm phù hợp."",""focusKeyword"":""Sensilis chính hãng"",""breadcrumbLabel"":""Sensilis"",""ogTitle"":""Sensilis Chính Hãng | MF Paris"",""ogDescription"":""Nếu bạn có làn da dễ đỏ, châm chích, khô căng hoặc thường phản ứng với mỹ phẩm mới, việc chọn sản phẩm chăm sóc da không thể chỉ dựa vào lời quảng cáo. Bạn cầ"",""ogImage"":null,""twitterImage"":null,""robotsIndex"":""index"",""robotsFollow"":""follow"",""canonicalOverride"":null,""sitemapInclude"":true,""sitemapPriority"":0.7,""sitemapChangeFrequency"":""weekly"",""schemaType"":""CollectionPage"",""customJsonLd"":null}"
brands,1058,Saugella,saugella,Saugella Chính Hãng,"{""metaTitle"":""Vệ sinh vùng kín Saugella chính hãng | MF Paris"",""metaDescription"":""Saugella chính hãng tại MF Paris với dung dịch vệ sinh cho bé gái Saugella Girl 200ml. Xem thành phần, quy cách, cách dùng và giá bán để chọn sản phẩm phù hợp."",""focusKeyword"":""Saugella chính hãng"",""breadcrumbLabel"":""Saugella"",""ogTitle"":""Saugella Chính Hãng | MF Paris"",""ogDescription"":""Khám phá sản phẩm Saugella chính hãng tại MF Paris. Xem thông tin, giá bán và lựa chọn sản phẩm phù hợp."",""ogImage"":null,""twitterImage"":null,""robotsIndex"":""index"",""robotsFollow"":""follow"",""canonicalOverride"":null,""sitemapInclude"":true,""sitemapPriority"":0.7,""sitemapChangeFrequency"":""weekly"",""schemaType"":""CollectionPage"",""customJsonLd"":null}"
brands,1057,Sanoflore,sanoflore,Sanoflore Chính Hãng,"{""metaTitle"":""Chăm sóc da Sanoflore chính hãng | MF Paris"",""metaDescription"":""Sanoflore chính hãng tại MF Paris với xịt dưỡng hoa hồng, hoa cam và cúc La Mã. Xem thành phần, quy cách, cách dùng và giá bán để chọn sản phẩm phù hợp."",""focusKeyword"":""Sanoflore chính hãng"",""breadcrumbLabel"":""Sanoflore"",""ogTitle"":""Sanoflore Chính Hãng | MF Paris"",""ogDescription"":""Khám phá sản phẩm Sanoflore chính hãng tại MF Paris. Xem thông tin, giá bán và lựa chọn sản phẩm phù hợp."",""ogImage"":null,""twitterImage"":null,""robotsIndex"":""index"",""robotsFollow"":""follow"",""canonicalOverride"":null,""sitemapInclude"":true,""sitemapPriority"":0.7,""sitemapChangeFrequency"":""weekly"",""schemaType"":""CollectionPage"",""customJsonLd"":null}"
brands,1056,Salvatore Ferragamo,salvatore-ferragamo,Salvatore Ferragamo Chính Hãng,"{""metaTitle"":""Nước hoa Salvatore Ferragamo chính hãng | MF Paris"",""metaDescription"":""Nước hoa Salvatore Ferragamo chính hãng tại MF Paris với Signorina và Subtil. So sánh phiên bản, nồng độ, dung tích và giá bán để chọn mùi phù hợp."",""focusKeyword"":""Salvatore Ferragamo chính hãng"",""breadcrumbLabel"":""Salvatore Ferragamo"",""ogTitle"":""Salvatore Ferragamo Chính Hãng | MF Paris"",""ogDescription"":""Salvatore Ferragamo là một trong những thương hiệu cao cấp ‘Sản xuất tại Ý’ quan trọng nhất và được biết đến nhiều nhất trên thế giới. Nó là viết tắt của tay "",""ogImage"":null,""twitterImage"":null,""robotsIndex"":""index"",""robotsFollow"":""follow"",""canonicalOverride"":null,""sitemapInclude"":true,""sitemapPriority"":0.7,""sitemapChangeFrequency"":""weekly"",""schemaType"":""CollectionPage"",""customJsonLd"":null}"
brands,1055,Saforelle,saforelle,Saforelle Chính Hãng,"{""metaTitle"":""Chăm sóc vùng kín Saforelle chính hãng | MF Paris"",""metaDescription"":""Saforelle chính hãng tại MF Paris với dung dịch vệ sinh, kem chăm sóc và quần lót kinh nguyệt. Xem thành phần, quy cách, cách dùng và giá bán."",""focusKeyword"":""Saforelle chính hãng"",""breadcrumbLabel"":""Saforelle"",""ogTitle"":""Saforelle Chính Hãng | MF Paris"",""ogDescription"":""Trong 30 năm qua, Saforelle đã không ngừng đổi mới để phát triển các giải pháp chăm sóc và vệ sinh thân mật giúp tôn trọng và làm dịu làn da nhạy cảm và mỏng "",""ogImage"":null,""twitterImage"":null,""robotsIndex"":""index"",""robotsFollow"":""follow"",""canonicalOverride"":null,""sitemapInclude"":true,""sitemapPriority"":0.7,""sitemapChangeFrequency"":""weekly"",""schemaType"":""CollectionPage"",""customJsonLd"":null}"
brands,1054,Roja Parfums,roja-parfums,Roja Parfums Chính Hãng,"{""metaTitle"":""Nước hoa Roja Parfums chính hãng | MF Paris"",""metaDescription"":""Nước hoa Roja Parfums chính hãng tại MF Paris với Enigma và Oceania. So sánh phiên bản, nồng độ, dung tích và giá bán để chọn mùi phù hợp."",""focusKeyword"":""Roja Parfums chính hãng"",""breadcrumbLabel"":""Roja Parfums"",""ogTitle"":""Roja Parfums Chính Hãng | MF Paris"",""ogDescription"":""Khám phá sản phẩm Roja Parfums chính hãng tại MF Paris. Xem thông tin, giá bán và lựa chọn sản phẩm phù hợp."",""ogImage"":null,""twitterImage"":null,""robotsIndex"":""index"",""robotsFollow"":""follow"",""canonicalOverride"":null,""sitemapInclude"":true,""sitemapPriority"":0.7,""sitemapChangeFrequency"":""weekly"",""schemaType"":""CollectionPage"",""customJsonLd"":null}"
brands,1053,Richelet,richelet,Richelet Chính Hãng,"{""metaTitle"":""Thực phẩm bổ sung Richelet chính hãng | MF Paris"",""metaDescription"":""Richelet chính hãng tại MF Paris với viên uống Skin Renewal và sản phẩm bổ sung cho da. Xem thành phần, quy cách, cách dùng và giá bán để chọn sản phẩm phù hợp."",""focusKeyword"":""Richelet chính hãng"",""breadcrumbLabel"":""Richelet"",""ogTitle"":""Richelet Chính Hãng | MF Paris"",""ogDescription"":""Khám phá sản phẩm Richelet chính hãng tại MF Paris. Xem thông tin, giá bán và lựa chọn sản phẩm phù hợp."",""ogImage"":null,""twitterImage"":null,""robotsIndex"":""index"",""robotsFollow"":""follow"",""canonicalOverride"":null,""sitemapInclude"":true,""sitemapPriority"":0.7,""sitemapChangeFrequency"":""weekly"",""schemaType"":""CollectionPage"",""customJsonLd"":null}"
brands,1052,Rene Furterer,rene-furterer,Rene Furterer Chính Hãng,"{""metaTitle"":""Chăm sóc tóc Rene Furterer chính hãng | MF Paris"",""metaDescription"":""Rene Furterer chính hãng tại MF Paris với Triphasic, Tonucia, Astera và sản phẩm cho da đầu. Xem thành phần, quy cách, cách dùng và giá bán."",""focusKeyword"":""Rene Furterer chính hãng"",""breadcrumbLabel"":""Rene Furterer"",""ogTitle"":""Rene Furterer Chính Hãng | MF Paris"",""ogDescription"":""René Furterer là nhà tiên phong tận tâm trong lĩnh vực làm đẹp tóc và chuyên gia thực vật, đã tạo ra những sản phẩm để chăm sóc tóc cực kỳ hiệu quả, đặc biết "",""ogImage"":null,""twitterImage"":null,""robotsIndex"":""index"",""robotsFollow"":""follow"",""canonicalOverride"":null,""sitemapInclude"":true,""sitemapPriority"":0.7,""sitemapChangeFrequency"":""weekly"",""schemaType"":""CollectionPage"",""customJsonLd"":null}"
brands,1051,Rasasi,rasasi,Rasasi Chính Hãng,"{""metaTitle"":""Nước hoa Rasasi chính hãng | MF Paris"",""metaDescription"":""Nước hoa Rasasi chính hãng tại MF Paris với La Yuqawam. So sánh phiên bản, nồng độ, dung tích và giá bán để chọn mùi phù hợp."",""focusKeyword"":""Rasasi chính hãng"",""breadcrumbLabel"":""Rasasi"",""ogTitle"":""Rasasi Chính Hãng | MF Paris"",""ogDescription"":""Khám phá sản phẩm Rasasi chính hãng tại MF Paris. Xem thông tin, giá bán và lựa chọn sản phẩm phù hợp."",""ogImage"":null,""twitterImage"":null,""robotsIndex"":""index"",""robotsFollow"":""follow"",""canonicalOverride"":null,""sitemapInclude"":true,""sitemapPriority"":0.7,""sitemapChangeFrequency"":""weekly"",""schemaType"":""CollectionPage"",""customJsonLd"":null}"
brands,1050,Ralph Lauren,ralph-lauren,Ralph Lauren Chính Hãng,"{""metaTitle"":""Nước hoa Ralph Lauren chính hãng | MF Paris"",""metaDescription"":""Nước hoa Ralph Lauren chính hãng tại MF Paris với Polo. So sánh phiên bản, nồng độ, dung tích và giá bán để chọn mùi phù hợp."",""focusKeyword"":""Ralph Lauren chính hãng"",""breadcrumbLabel"":""Ralph Lauren"",""ogTitle"":""Ralph Lauren Chính Hãng | MF Paris"",""ogDescription"":""Ralph Lauren là nhà thiết kế thời trang người Mỹ nổi tiếng với dòng Polo nổi tiếng và các dòng quần áo, phụ kiện và trang trí nhà cửa khác. Được thành lập vào"",""ogImage"":null,""twitterImage"":null,""robotsIndex"":""index"",""robotsFollow"":""follow"",""canonicalOverride"":null,""sitemapInclude"":true,""sitemapPriority"":0.7,""sitemapChangeFrequency"":""weekly"",""schemaType"":""CollectionPage"",""customJsonLd"":null}"
brands,1049,Puressentiel,puressentiel,Puressentiel Chính Hãng,"{""metaTitle"":""Tinh dầu và chăm sóc cá nhân Puressentiel | MF Paris"",""metaDescription"":""Puressentiel chính hãng tại MF Paris với tinh dầu, máy khuếch tán và sản phẩm chăm sóc cá nhân. Xem thành phần, quy cách, cách dùng và giá bán."",""focusKeyword"":""Puressentiel chính hãng"",""breadcrumbLabel"":""Puressentiel"",""ogTitle"":""Puressentiel Chính Hãng | MF Paris"",""ogDescription"":""Puressentiel, nhà lãnh đạo sức khỏe tự nhiên Được thành lập vào năm 2005, Puressentiel® trở thành phòng thí nghiệm hương liệu đầu tiên trong ngành dược ở Pháp"",""ogImage"":null,""twitterImage"":null,""robotsIndex"":""index"",""robotsFollow"":""follow"",""canonicalOverride"":null,""sitemapInclude"":true,""sitemapPriority"":0.7,""sitemapChangeFrequency"":""weekly"",""schemaType"":""CollectionPage"",""customJsonLd"":null}"
brands,1048,Proclé Stockhom,procle-stockhom,Proclé Stockhom Chính Hãng,"{""metaTitle"":""Sữa tắm và rửa tay Proclé Stockholm chính hãng | MF Paris"",""metaDescription"":""Proclé Stockholm chính hãng tại MF Paris với sữa tắm hương nước hoa và nước rửa tay. Xem thành phần, quy cách, cách dùng và giá bán để chọn sản phẩm phù hợp."",""focusKeyword"":""Proclé Stockhom chính hãng"",""breadcrumbLabel"":""Proclé Stockhom"",""ogTitle"":""Proclé Stockhom Chính Hãng | MF Paris"",""ogDescription"":""Khám phá sản phẩm Proclé Stockhom chính hãng tại MF Paris. Xem thông tin, giá bán và lựa chọn sản phẩm phù hợp."",""ogImage"":null,""twitterImage"":null,""robotsIndex"":""index"",""robotsFollow"":""follow"",""canonicalOverride"":null,""sitemapInclude"":true,""sitemapPriority"":0.7,""sitemapChangeFrequency"":""weekly"",""schemaType"":""CollectionPage"",""customJsonLd"":null}"
brands,1047,Procare Health,procare-health,Procare Health Chính Hãng,"{""metaTitle"":""Chăm sóc vùng kín Procare Health chính hãng | MF Paris"",""metaDescription"":""Procare Health chính hãng tại MF Paris với Papilocare, Palomacare và gel dưỡng ẩm vùng kín. Xem thành phần, quy cách, cách dùng và giá bán."",""focusKeyword"":""Procare Health chính hãng"",""breadcrumbLabel"":""Procare Health"",""ogTitle"":""Procare Health Chính Hãng | MF Paris"",""ogDescription"":""Procare Health là phòng thí nghiệm dược phẩm ra đời vào năm 2012 từ ý muốn của các nhà quản lý ngành dược phẩm, chủ yếu đến từ P&G Pharmaceuticals. Procare He"",""ogImage"":null,""twitterImage"":null,""robotsIndex"":""index"",""robotsFollow"":""follow"",""canonicalOverride"":null,""sitemapInclude"":true,""sitemapPriority"":0.7,""sitemapChangeFrequency"":""weekly"",""schemaType"":""CollectionPage"",""customJsonLd"":null}"
brands,1046,Première Note,premiere-note,Première Note Chính Hãng,"{""metaTitle"":""Nước hoa Première Note chính hãng | MF Paris"",""metaDescription"":""Nước hoa Première Note chính hãng tại MF Paris với Figue Barbare và Mimosa Austral. So sánh phiên bản, nồng độ, dung tích và giá bán để chọn mùi phù hợp."",""focusKeyword"":""Première Note chính hãng"",""breadcrumbLabel"":""Première Note"",""ogTitle"":""Première Note Chính Hãng | MF Paris"",""ogDescription"":""Khám phá sản phẩm Première Note chính hãng tại MF Paris. Xem thông tin, giá bán và lựa chọn sản phẩm phù hợp."",""ogImage"":null,""twitterImage"":null,""robotsIndex"":""index"",""robotsFollow"":""follow"",""canonicalOverride"":null,""sitemapInclude"":true,""sitemapPriority"":0.7,""sitemapChangeFrequency"":""weekly"",""schemaType"":""CollectionPage"",""customJsonLd"":null}"
brands,1045,Pranarom,pranarom,Pranarom Chính Hãng,"{""metaTitle"":""Chăm sóc hô hấp Pranarom chính hãng | MF Paris"",""metaDescription"":""Pranarom chính hãng tại MF Paris với sản phẩm Aromaforce và chăm sóc hô hấp từ tinh dầu. Xem thành phần, quy cách, cách dùng và giá bán."",""focusKeyword"":""Pranarom chính hãng"",""breadcrumbLabel"":""Pranarom"",""ogTitle"":""Pranarom Chính Hãng | MF Paris"",""ogDescription"":""Khám phá sản phẩm Pranarom chính hãng tại MF Paris. Xem thông tin, giá bán và lựa chọn sản phẩm phù hợp."",""ogImage"":null,""twitterImage"":null,""robotsIndex"":""index"",""robotsFollow"":""follow"",""canonicalOverride"":null,""sitemapInclude"":true,""sitemapPriority"":0.7,""sitemapChangeFrequency"":""weekly"",""schemaType"":""CollectionPage"",""customJsonLd"":null}"
brands,1044,Prada,prada,Prada Chính Hãng,"{""metaTitle"":""Nước hoa Prada chính hãng | MF Paris"",""metaDescription"":""Nước hoa Prada chính hãng tại MF Paris với L'Homme, Paradoxe và Paradigme. So sánh phiên bản, nồng độ, dung tích và giá bán để chọn mùi phù hợp."",""focusKeyword"":""Prada chính hãng"",""breadcrumbLabel"":""Prada"",""ogTitle"":""Prada Chính Hãng | MF Paris"",""ogDescription"":""Khám phá sản phẩm Prada chính hãng tại MF Paris. Xem thông tin, giá bán và lựa chọn sản phẩm phù hợp."",""ogImage"":null,""twitterImage"":null,""robotsIndex"":""index"",""robotsFollow"":""follow"",""canonicalOverride"":null,""sitemapInclude"":true,""sitemapPriority"":0.7,""sitemapChangeFrequency"":""weekly"",""schemaType"":""CollectionPage"",""customJsonLd"":null}"
brands,1043,Poméol,pomeol,Poméol Chính Hãng,"{""metaTitle"":""Chăm sóc cơ thể Poméol chính hãng | MF Paris"",""metaDescription"":""Poméol chính hãng tại MF Paris với gel Lipo-Reduce và sản phẩm chăm sóc da cơ thể. Xem thành phần, quy cách, cách dùng và giá bán để chọn sản phẩm phù hợp."",""focusKeyword"":""Poméol chính hãng"",""breadcrumbLabel"":""Poméol"",""ogTitle"":""Poméol Chính Hãng | MF Paris"",""ogDescription"":""Khám phá sản phẩm Poméol chính hãng tại MF Paris. Xem thông tin, giá bán và lựa chọn sản phẩm phù hợp."",""ogImage"":null,""twitterImage"":null,""robotsIndex"":""index"",""robotsFollow"":""follow"",""canonicalOverride"":null,""sitemapInclude"":true,""sitemapPriority"":0.7,""sitemapChangeFrequency"":""weekly"",""schemaType"":""CollectionPage"",""customJsonLd"":null}"
brands,1042,Pierre Fabre,pierre-fabre,Pierre Fabre Chính Hãng,"{""metaTitle"":""Chăm sóc phụ khoa Pierre Fabre chính hãng | MF Paris"",""metaDescription"":""Pierre Fabre chính hãng tại MF Paris với MycoHydralin và thông tin sản phẩm chăm sóc phụ khoa. Xem thành phần, quy cách, cách dùng và giá bán."",""focusKeyword"":""Pierre Fabre chính hãng"",""breadcrumbLabel"":""Pierre Fabre"",""ogTitle"":""Pierre Fabre Chính Hãng | MF Paris"",""ogDescription"":""Khám phá sản phẩm Pierre Fabre chính hãng tại MF Paris. Xem thông tin, giá bán và lựa chọn sản phẩm phù hợp."",""ogImage"":null,""twitterImage"":null,""robotsIndex"":""index"",""robotsFollow"":""follow"",""canonicalOverride"":null,""sitemapInclude"":true,""sitemapPriority"":0.7,""sitemapChangeFrequency"":""weekly"",""schemaType"":""CollectionPage"",""customJsonLd"":null}"
brands,1041,Physioflor,physioflor,Physioflor Chính Hãng,"{""metaTitle"":""Chăm sóc vùng kín Physioflor chính hãng | MF Paris"",""metaDescription"":""Physioflor chính hãng tại MF Paris với men vi sinh, viên đặt và sản phẩm cân bằng vùng kín. Xem thành phần, quy cách, cách dùng và giá bán."",""focusKeyword"":""Physioflor chính hãng"",""breadcrumbLabel"":""Physioflor"",""ogTitle"":""Physioflor Chính Hãng | MF Paris"",""ogDescription"":""Khám phá sản phẩm Physioflor chính hãng tại MF Paris. Xem thông tin, giá bán và lựa chọn sản phẩm phù hợp."",""ogImage"":null,""twitterImage"":null,""robotsIndex"":""index"",""robotsFollow"":""follow"",""canonicalOverride"":null,""sitemapInclude"":true,""sitemapPriority"":0.7,""sitemapChangeFrequency"":""weekly"",""schemaType"":""CollectionPage"",""customJsonLd"":null}"
brands,1040,Penhaligon’s,penhaligons,Penhaligon’s Chính Hãng,"{""metaTitle"":""Nước hoa Penhaligon’s chính hãng | MF Paris"",""metaDescription"":""Nước hoa Penhaligon’s chính hãng tại MF Paris với The Tragedy of Lord George. So sánh phiên bản, nồng độ, dung tích và giá bán để chọn mùi phù hợp."",""focusKeyword"":""Penhaligon’s chính hãng"",""breadcrumbLabel"":""Penhaligon’s"",""ogTitle"":""Penhaligon’s Chính Hãng | MF Paris"",""ogDescription"":""Khám phá sản phẩm Penhaligon’s chính hãng tại MF Paris. Xem thông tin, giá bán và lựa chọn sản phẩm phù hợp."",""ogImage"":null,""twitterImage"":null,""robotsIndex"":""index"",""robotsFollow"":""follow"",""canonicalOverride"":null,""sitemapInclude"":true,""sitemapPriority"":0.7,""sitemapChangeFrequency"":""weekly"",""schemaType"":""CollectionPage"",""customJsonLd"":null}"
brands,1039,Pediakid,pediakid,Pediakid Chính Hãng,"{""metaTitle"":""Bổ sung dinh dưỡng cho bé Pediakid chính hãng | MF Paris"",""metaDescription"":""Pediakid chính hãng tại MF Paris với siro vitamin, khoáng chất và sản phẩm bổ sung cho trẻ. Xem thành phần, quy cách, cách dùng và giá bán."",""focusKeyword"":""Pediakid chính hãng"",""breadcrumbLabel"":""Pediakid"",""ogTitle"":""Pediakid Chính Hãng | MF Paris"",""ogDescription"":""Khám phá sản phẩm Pediakid chính hãng tại MF Paris. Xem thông tin, giá bán và lựa chọn sản phẩm phù hợp."",""ogImage"":null,""twitterImage"":null,""robotsIndex"":""index"",""robotsFollow"":""follow"",""canonicalOverride"":null,""sitemapInclude"":true,""sitemapPriority"":0.7,""sitemapChangeFrequency"":""weekly"",""schemaType"":""CollectionPage"",""customJsonLd"":null}"
brands,1038,Paris Hilton,paris-hilton,Paris Hilton Chính Hãng,"{""metaTitle"":""Nước hoa Paris Hilton chính hãng | MF Paris"",""metaDescription"":""Nước hoa Paris Hilton chính hãng tại MF Paris với Love Rush và Rose Rush. So sánh phiên bản, nồng độ, dung tích và giá bán để chọn mùi phù hợp."",""focusKeyword"":""Paris Hilton chính hãng"",""breadcrumbLabel"":""Paris Hilton"",""ogTitle"":""Paris Hilton Chính Hãng | MF Paris"",""ogDescription"":""Khám phá sản phẩm Paris Hilton chính hãng tại MF Paris. Xem thông tin, giá bán và lựa chọn sản phẩm phù hợp."",""ogImage"":null,""twitterImage"":null,""robotsIndex"":""index"",""robotsFollow"":""follow"",""canonicalOverride"":null,""sitemapInclude"":true,""sitemapPriority"":0.7,""sitemapChangeFrequency"":""weekly"",""schemaType"":""CollectionPage"",""customJsonLd"":null}"
brands,1037,Parfums Martine Denisot Paris,parfums-martine-denisot-paris,Parfums Martine Denisot Paris Chính Hãng,"{""metaTitle"":""Nước hoa Parfums Martine Denisot Paris chính hãng | MF Paris"",""metaDescription"":""Nước hoa Parfums Martine Denisot Paris chính hãng tại MF Paris với Pour Toujours. So sánh phiên bản, nồng độ, dung tích và giá bán để chọn mùi phù hợp."",""focusKeyword"":""Parfums Martine Denisot Paris chính hãng"",""breadcrumbLabel"":""Parfums Martine Denisot Paris"",""ogTitle"":""Parfums Martine Denisot Paris Chính Hãng | MF Paris"",""ogDescription"":""Khám phá sản phẩm Parfums Martine Denisot Paris chính hãng tại MF Paris. Xem thông tin, giá bán và lựa chọn sản phẩm phù hợp."",""ogImage"":null,""twitterImage"":null,""robotsIndex"":""index"",""robotsFollow"":""follow"",""canonicalOverride"":null,""sitemapInclude"":true,""sitemapPriority"":0.7,""sitemapChangeFrequency"":""weekly"",""schemaType"":""CollectionPage"",""customJsonLd"":null}"
brands,1036,Parfums Gres,parfums-gres,Parfums Gres Chính Hãng,"{""metaTitle"":""Nước hoa Parfums Gres chính hãng | MF Paris"",""metaDescription"":""Nước hoa Parfums Gres chính hãng tại MF Paris với Cabotine và Cabotine Rose. So sánh phiên bản, nồng độ, dung tích và giá bán để chọn mùi phù hợp."",""focusKeyword"":""Parfums Gres chính hãng"",""breadcrumbLabel"":""Parfums Gres"",""ogTitle"":""Parfums Gres Chính Hãng | MF Paris"",""ogDescription"":""Khám phá sản phẩm Parfums Gres chính hãng tại MF Paris. Xem thông tin, giá bán và lựa chọn sản phẩm phù hợp."",""ogImage"":null,""twitterImage"":null,""robotsIndex"":""index"",""robotsFollow"":""follow"",""canonicalOverride"":null,""sitemapInclude"":true,""sitemapPriority"":0.7,""sitemapChangeFrequency"":""weekly"",""schemaType"":""CollectionPage"",""customJsonLd"":null}"
brands,1035,Parfums De Marly,parfums-de-marly,Parfums De Marly Chính Hãng,"{""metaTitle"":""Nước hoa Parfums De Marly chính hãng | MF Paris"",""metaDescription"":""Nước hoa Parfums De Marly chính hãng tại MF Paris với Layton, Valaya và Haltane. So sánh phiên bản, nồng độ, dung tích và giá bán để chọn mùi phù hợp."",""focusKeyword"":""Parfums De Marly chính hãng"",""breadcrumbLabel"":""Parfums De Marly"",""ogTitle"":""Parfums De Marly Chính Hãng | MF Paris"",""ogDescription"":""Parfums de Marly hay còn được gọi là A House of Haute Parfumerie, ra đời từ ước mơ của một người đàn ông yêu nghiện liệu hương thơm tốt, mang lịch sử và tự do"",""ogImage"":null,""twitterImage"":null,""robotsIndex"":""index"",""robotsFollow"":""follow"",""canonicalOverride"":null,""sitemapInclude"":true,""sitemapPriority"":0.7,""sitemapChangeFrequency"":""weekly"",""schemaType"":""CollectionPage"",""customJsonLd"":null}"
brands,1034,Parakito,parakito,Parakito Chính Hãng,"{""metaTitle"":""Chống muỗi Parakito chính hãng | MF Paris"",""metaDescription"":""Parakito chính hãng tại MF Paris với vòng chống muỗi và viên thay thế đi kèm. Xem thành phần, quy cách, cách dùng và giá bán để chọn sản phẩm phù hợp."",""focusKeyword"":""Parakito chính hãng"",""breadcrumbLabel"":""Parakito"",""ogTitle"":""Parakito Chính Hãng | MF Paris"",""ogDescription"":""Thương hiệu Parakito Bảo vệ chống muỗi cho cả gia đình Thế giới là một nơi tuyệt vời đầy những cuộc phiêu lưu kỳ thú. Tại PARA’KITO ™, chúng tôi muốn bạn đón "",""ogImage"":null,""twitterImage"":null,""robotsIndex"":""index"",""robotsFollow"":""follow"",""canonicalOverride"":null,""sitemapInclude"":true,""sitemapPriority"":0.7,""sitemapChangeFrequency"":""weekly"",""schemaType"":""CollectionPage"",""customJsonLd"":null}"
brands,1033,Palmer,palmer,Palmer Chính Hãng,"{""metaTitle"":""Chăm sóc da cơ thể Palmer’s chính hãng | MF Paris"",""metaDescription"":""Palmer’s chính hãng tại MF Paris với sản phẩm dưỡng da cơ thể và chăm sóc da. Xem thành phần, quy cách, cách dùng và giá bán để chọn sản phẩm phù hợp."",""focusKeyword"":""Palmer chính hãng"",""breadcrumbLabel"":""Palmer"",""ogTitle"":""Palmer Chính Hãng | MF Paris"",""ogDescription"":""Khám phá sản phẩm Palmer chính hãng tại MF Paris. Xem thông tin, giá bán và lựa chọn sản phẩm phù hợp."",""ogImage"":null,""twitterImage"":null,""robotsIndex"":""index"",""robotsFollow"":""follow"",""canonicalOverride"":null,""sitemapInclude"":true,""sitemapPriority"":0.7,""sitemapChangeFrequency"":""weekly"",""schemaType"":""CollectionPage"",""customJsonLd"":null}"
brands,1032,Paco Rabanne,paco-rabanne,Paco Rabanne Chính Hãng,"{""metaTitle"":""Nước hoa Paco Rabanne chính hãng | MF Paris"",""metaDescription"":""Nước hoa Paco Rabanne chính hãng tại MF Paris với 1 Million và Invictus. So sánh phiên bản, nồng độ, dung tích và giá bán để chọn mùi phù hợp."",""focusKeyword"":""Paco Rabanne chính hãng"",""breadcrumbLabel"":""Paco Rabanne"",""ogTitle"":""Paco Rabanne Chính Hãng | MF Paris"",""ogDescription"":""Paco Rabanne Được thành lập vào năm 1966, nhà mốt Paris Paco Rabanne đã khẳng định được bản sắc riêng biệt nhờ sự tổng hợp của thiết kế đương đại tiên tiến và"",""ogImage"":null,""twitterImage"":null,""robotsIndex"":""index"",""robotsFollow"":""follow"",""canonicalOverride"":null,""sitemapInclude"":true,""sitemapPriority"":0.7,""sitemapChangeFrequency"":""weekly"",""schemaType"":""CollectionPage"",""customJsonLd"":null}"
brands,1031,Ovaires Polycystiques,ovaires-polycystiques,Ovaires Polycystiques Chính Hãng,"{""metaTitle"":""Ovaires Polycystiques: Sức khỏe nữ giới | MF Paris"",""metaDescription"":""Thông tin Gynositol trong danh mục Ovaires Polycystiques tại MF Paris. Tham khảo thành phần, quy cách và cách sử dụng sản phẩm bổ sung cho nữ giới."",""focusKeyword"":""Ovaires Polycystiques chính hãng"",""breadcrumbLabel"":""Ovaires Polycystiques"",""ogTitle"":""Ovaires Polycystiques Chính Hãng | MF Paris"",""ogDescription"":""Khám phá sản phẩm Ovaires Polycystiques chính hãng tại MF Paris. Xem thông tin, giá bán và lựa chọn sản phẩm phù hợp."",""ogImage"":null,""twitterImage"":null,""robotsIndex"":""index"",""robotsFollow"":""follow"",""canonicalOverride"":null,""sitemapInclude"":true,""sitemapPriority"":0.7,""sitemapChangeFrequency"":""weekly"",""schemaType"":""CollectionPage"",""customJsonLd"":null}"
brands,1030,Oropur,oropur,Oropur Chính Hãng,"{""metaTitle"":""Chăm sóc hơi thở Oropur chính hãng | MF Paris"",""metaDescription"":""Oropur chính hãng tại MF Paris với viên uống Une Haleine Sûre chăm sóc hơi thở. Xem thành phần, quy cách, cách dùng và giá bán để chọn sản phẩm phù hợp."",""focusKeyword"":""Oropur chính hãng"",""breadcrumbLabel"":""Oropur"",""ogTitle"":""Oropur Chính Hãng | MF Paris"",""ogDescription"":""Khám phá sản phẩm Oropur chính hãng tại MF Paris. Xem thông tin, giá bán và lựa chọn sản phẩm phù hợp."",""ogImage"":null,""twitterImage"":null,""robotsIndex"":""index"",""robotsFollow"":""follow"",""canonicalOverride"":null,""sitemapInclude"":true,""sitemapPriority"":0.7,""sitemapChangeFrequency"":""weekly"",""schemaType"":""CollectionPage"",""customJsonLd"":null}"
brands,1029,Ormaie,ormaie,Ormaie Chính Hãng,"{""metaTitle"":""Nước hoa Ormaie chính hãng | MF Paris"",""metaDescription"":""Nước hoa Ormaie chính hãng tại MF Paris với Tableau Parisien. So sánh phiên bản, nồng độ, dung tích và giá bán để chọn mùi phù hợp."",""focusKeyword"":""Ormaie chính hãng"",""breadcrumbLabel"":""Ormaie"",""ogTitle"":""Ormaie Chính Hãng | MF Paris"",""ogDescription"":""Khám phá sản phẩm Ormaie chính hãng tại MF Paris. Xem thông tin, giá bán và lựa chọn sản phẩm phù hợp."",""ogImage"":null,""twitterImage"":null,""robotsIndex"":""index"",""robotsFollow"":""follow"",""canonicalOverride"":null,""sitemapInclude"":true,""sitemapPriority"":0.7,""sitemapChangeFrequency"":""weekly"",""schemaType"":""CollectionPage"",""customJsonLd"":null}"
brands,1027,Optibac,optibac,Optibac Chính Hãng,"{""metaTitle"":""Men vi sinh Optibac chính hãng | MF Paris"",""metaDescription"":""Optibac chính hãng tại MF Paris với men vi sinh For Women và sản phẩm bổ sung lợi khuẩn. Xem thành phần, quy cách, cách dùng và giá bán."",""focusKeyword"":""Optibac chính hãng"",""breadcrumbLabel"":""Optibac"",""ogTitle"":""Optibac Chính Hãng | MF Paris"",""ogDescription"":""Khám phá sản phẩm Optibac chính hãng tại MF Paris. Xem thông tin, giá bán và lựa chọn sản phẩm phù hợp."",""ogImage"":null,""twitterImage"":null,""robotsIndex"":""index"",""robotsFollow"":""follow"",""canonicalOverride"":null,""sitemapInclude"":true,""sitemapPriority"":0.7,""sitemapChangeFrequency"":""weekly"",""schemaType"":""CollectionPage"",""customJsonLd"":null}"
brands,1026,Once Perfume,once-perfume,Once Perfume Chính Hãng,"{""metaTitle"":""Nước hoa Once Perfume chính hãng | MF Paris"",""metaDescription"":""Nước hoa Once Perfume chính hãng tại MF Paris với Hotis, Etheria và Pherody. So sánh phiên bản, nồng độ, dung tích và giá bán để chọn mùi phù hợp."",""focusKeyword"":""Once Perfume chính hãng"",""breadcrumbLabel"":""Once Perfume"",""ogTitle"":""Once Perfume Chính Hãng | MF Paris"",""ogDescription"":""Khám phá sản phẩm Once Perfume chính hãng tại MF Paris. Xem thông tin, giá bán và lựa chọn sản phẩm phù hợp."",""ogImage"":null,""twitterImage"":null,""robotsIndex"":""index"",""robotsFollow"":""follow"",""canonicalOverride"":null,""sitemapInclude"":true,""sitemapPriority"":0.7,""sitemapChangeFrequency"":""weekly"",""schemaType"":""CollectionPage"",""customJsonLd"":null}"
brands,1025,OM3,om3,OM3 Chính Hãng,"{""metaTitle"":""Omega-3 OM3 chính hãng | MF Paris"",""metaDescription"":""OM3 chính hãng tại MF Paris với viên uống omega-3 Emotional Balance dạng hộp. Xem thành phần, quy cách, cách dùng và giá bán để chọn sản phẩm phù hợp."",""focusKeyword"":""OM3 chính hãng"",""breadcrumbLabel"":""OM3"",""ogTitle"":""OM3 Chính Hãng | MF Paris"",""ogDescription"":""Khám phá sản phẩm OM3 chính hãng tại MF Paris. Xem thông tin, giá bán và lựa chọn sản phẩm phù hợp."",""ogImage"":null,""twitterImage"":null,""robotsIndex"":""index"",""robotsFollow"":""follow"",""canonicalOverride"":null,""sitemapInclude"":true,""sitemapPriority"":0.7,""sitemapChangeFrequency"":""weekly"",""schemaType"":""CollectionPage"",""customJsonLd"":null}"
brands,1024,Oenobiol,oenobiol,Oenobiol Chính Hãng,"{""metaTitle"":""Thực phẩm bổ sung Oenobiol chính hãng | MF Paris"",""metaDescription"":""Oenobiol chính hãng tại MF Paris với Sun Expert, Hair Expert và các sản phẩm bổ sung cho da, tóc. Xem thành phần, quy cách, cách dùng và giá bán."",""focusKeyword"":""Oenobiol chính hãng"",""breadcrumbLabel"":""Oenobiol"",""ogTitle"":""Oenobiol Chính Hãng | MF Paris"",""ogDescription"":""Khám phá sản phẩm Oenobiol chính hãng tại MF Paris. Xem thông tin, giá bán và lựa chọn sản phẩm phù hợp."",""ogImage"":null,""twitterImage"":null,""robotsIndex"":""index"",""robotsFollow"":""follow"",""canonicalOverride"":null,""sitemapInclude"":true,""sitemapPriority"":0.7,""sitemapChangeFrequency"":""weekly"",""schemaType"":""CollectionPage"",""customJsonLd"":null}"
brands,1023,Obvious,obvious,Obvious Chính Hãng,"{""metaTitle"":""Nước hoa Obvious chính hãng | MF Paris"",""metaDescription"":""Nước hoa Obvious chính hãng tại MF Paris với Milk & Matcha. So sánh phiên bản, nồng độ, dung tích và giá bán để chọn mùi phù hợp."",""focusKeyword"":""Obvious chính hãng"",""breadcrumbLabel"":""Obvious"",""ogTitle"":""Obvious Chính Hãng | MF Paris"",""ogDescription"":""Khám phá sản phẩm Obvious chính hãng tại MF Paris. Xem thông tin, giá bán và lựa chọn sản phẩm phù hợp."",""ogImage"":null,""twitterImage"":null,""robotsIndex"":""index"",""robotsFollow"":""follow"",""canonicalOverride"":null,""sitemapInclude"":true,""sitemapPriority"":0.7,""sitemapChangeFrequency"":""weekly"",""schemaType"":""CollectionPage"",""customJsonLd"":null}"
brands,1022,Nuxe,nuxe,Nuxe Chính Hãng,"{""metaTitle"":""Chăm sóc da và cơ thể Nuxe chính hãng | MF Paris"",""metaDescription"":""Nuxe chính hãng tại MF Paris với kem dưỡng, dầu đa năng, dưỡng tóc và sản phẩm chống nắng. Xem thành phần, quy cách, cách dùng và giá bán."",""focusKeyword"":""Nuxe chính hãng"",""breadcrumbLabel"":""Nuxe"",""ogTitle"":""Nuxe Chính Hãng | MF Paris"",""ogDescription"":""NUXE là một thương hiệu mỹ phẩm nổi tiếng của Pháp, kết hợp giữa công nghệ dược phẩm và sự trải nghiệm cảm giác thẩm mỹ. Sản phẩm của Nuxe sử dụng các thành p"",""ogImage"":null,""twitterImage"":null,""robotsIndex"":""index"",""robotsFollow"":""follow"",""canonicalOverride"":null,""sitemapInclude"":true,""sitemapPriority"":0.7,""sitemapChangeFrequency"":""weekly"",""schemaType"":""CollectionPage"",""customJsonLd"":null}"
brands,1021,Nutrileya Srl,nutrileya-srl,Nutrileya Srl Chính Hãng,"{""metaTitle"":""Vitamin và khoáng chất Nutrileya Srl chính hãng | MF Paris"",""metaDescription"":""Nutrileya Srl chính hãng tại MF Paris với Nutriregular Calcium và vitamin D3 K1 dạng nhỏ giọt. Xem thành phần, quy cách, cách dùng và giá bán."",""focusKeyword"":""Nutrileya Srl chính hãng"",""breadcrumbLabel"":""Nutrileya Srl"",""ogTitle"":""Nutrileya Srl Chính Hãng | MF Paris"",""ogDescription"":""Khám phá sản phẩm Nutrileya Srl chính hãng tại MF Paris. Xem thông tin, giá bán và lựa chọn sản phẩm phù hợp."",""ogImage"":null,""twitterImage"":null,""robotsIndex"":""index"",""robotsFollow"":""follow"",""canonicalOverride"":null,""sitemapInclude"":true,""sitemapPriority"":0.7,""sitemapChangeFrequency"":""weekly"",""schemaType"":""CollectionPage"",""customJsonLd"":null}"
brands,1020,Novexpert Paris,novexpert-paris,Novexpert Paris Chính Hãng,"{""metaTitle"":""Chăm sóc da Novexpert Paris chính hãng | MF Paris"",""metaDescription"":""Novexpert Paris chính hãng tại MF Paris với mặt nạ Detox, sữa rửa mặt Trio Zinc và tẩy tế bào chết. Xem thành phần, quy cách, cách dùng và giá bán."",""focusKeyword"":""Novexpert Paris chính hãng"",""breadcrumbLabel"":""Novexpert Paris"",""ogTitle"":""Novexpert Paris Chính Hãng | MF Paris"",""ogDescription"":""Khám phá sản phẩm Novexpert Paris chính hãng tại MF Paris. Xem thông tin, giá bán và lựa chọn sản phẩm phù hợp."",""ogImage"":null,""twitterImage"":null,""robotsIndex"":""index"",""robotsFollow"":""follow"",""canonicalOverride"":null,""sitemapInclude"":true,""sitemapPriority"":0.7,""sitemapChangeFrequency"":""weekly"",""schemaType"":""CollectionPage"",""customJsonLd"":null}"
brands,1019,Nivea,nivea,Nivea Chính Hãng,"{""metaTitle"":""Chăm sóc da Nivea chính hãng | MF Paris"",""metaDescription"":""Nivea chính hãng tại MF Paris với dưỡng da Q10 và các sản phẩm chống nắng. Xem thành phần, quy cách, cách dùng và giá bán để chọn sản phẩm phù hợp."",""focusKeyword"":""Nivea chính hãng"",""breadcrumbLabel"":""Nivea"",""ogTitle"":""Nivea Chính Hãng | MF Paris"",""ogDescription"":""Nivea được biết đến với sự tin cậy, độ tin cậy và khả năng tiếp cận trên toàn cầu. Thương hiệu tự định vị về “Chăm sóc nhẹ nhàng” và “Sức khỏe”. Thương hiệu d"",""ogImage"":null,""twitterImage"":null,""robotsIndex"":""index"",""robotsFollow"":""follow"",""canonicalOverride"":null,""sitemapInclude"":true,""sitemapPriority"":0.7,""sitemapChangeFrequency"":""weekly"",""schemaType"":""CollectionPage"",""customJsonLd"":null}"
brands,1018,Nishane,nishane,Nishane Chính Hãng,"{""metaTitle"":""Nước hoa Nishane chính hãng | MF Paris"",""metaDescription"":""Nước hoa Nishane chính hãng tại MF Paris với Hacivat và Wulong Cha. So sánh phiên bản, nồng độ, dung tích và giá bán để chọn mùi phù hợp."",""focusKeyword"":""Nishane chính hãng"",""breadcrumbLabel"":""Nishane"",""ogTitle"":""Nishane Chính Hãng | MF Paris"",""ogDescription"":""Khám phá sản phẩm Nishane chính hãng tại MF Paris. Xem thông tin, giá bán và lựa chọn sản phẩm phù hợp."",""ogImage"":null,""twitterImage"":null,""robotsIndex"":""index"",""robotsFollow"":""follow"",""canonicalOverride"":null,""sitemapInclude"":true,""sitemapPriority"":0.7,""sitemapChangeFrequency"":""weekly"",""schemaType"":""CollectionPage"",""customJsonLd"":null}"
brands,1017,NHCO nutrition,nhco-nutrition,NHCO nutrition Chính Hãng,"{""metaTitle"":""Thực phẩm bổ sung NHCO nutrition chính hãng | MF Paris"",""metaDescription"":""NHCO nutrition chính hãng tại MF Paris với Effluvium, Perfectium và Cytocore dạng viên uống. Xem thành phần, quy cách, cách dùng và giá bán."",""focusKeyword"":""NHCO nutrition chính hãng"",""breadcrumbLabel"":""NHCO nutrition"",""ogTitle"":""NHCO nutrition Chính Hãng | MF Paris"",""ogDescription"":""Khám phá sản phẩm NHCO nutrition chính hãng tại MF Paris. Xem thông tin, giá bán và lựa chọn sản phẩm phù hợp."",""ogImage"":null,""twitterImage"":null,""robotsIndex"":""index"",""robotsFollow"":""follow"",""canonicalOverride"":null,""sitemapInclude"":true,""sitemapPriority"":0.7,""sitemapChangeFrequency"":""weekly"",""schemaType"":""CollectionPage"",""customJsonLd"":null}"
brands,1016,New Nordic,new-nordic,New Nordic Chính Hãng,"{""metaTitle"":""Thực phẩm bổ sung New Nordic chính hãng | MF Paris"",""metaDescription"":""New Nordic chính hãng tại MF Paris với viên uống Blue Berry và Blue Berry Max. Xem thành phần, quy cách, cách dùng và giá bán để chọn sản phẩm phù hợp."",""focusKeyword"":""New Nordic chính hãng"",""breadcrumbLabel"":""New Nordic"",""ogTitle"":""New Nordic Chính Hãng | MF Paris"",""ogDescription"":""Khám phá sản phẩm New Nordic chính hãng tại MF Paris. Xem thông tin, giá bán và lựa chọn sản phẩm phù hợp."",""ogImage"":null,""twitterImage"":null,""robotsIndex"":""index"",""robotsFollow"":""follow"",""canonicalOverride"":null,""sitemapInclude"":true,""sitemapPriority"":0.7,""sitemapChangeFrequency"":""weekly"",""schemaType"":""CollectionPage"",""customJsonLd"":null}"
brands,1015,Nautica,nautica,Nautica Chính Hãng,"{""metaTitle"":""Nước hoa Nautica chính hãng | MF Paris"",""metaDescription"":""Nước hoa Nautica chính hãng tại MF Paris với Voyage và Blue. So sánh phiên bản, nồng độ, dung tích và giá bán để chọn mùi phù hợp."",""focusKeyword"":""Nautica chính hãng"",""breadcrumbLabel"":""Nautica"",""ogTitle"":""Nautica Chính Hãng | MF Paris"",""ogDescription"":""Khám phá sản phẩm Nautica chính hãng tại MF Paris. Xem thông tin, giá bán và lựa chọn sản phẩm phù hợp."",""ogImage"":null,""twitterImage"":null,""robotsIndex"":""index"",""robotsFollow"":""follow"",""canonicalOverride"":null,""sitemapInclude"":true,""sitemapPriority"":0.7,""sitemapChangeFrequency"":""weekly"",""schemaType"":""CollectionPage"",""customJsonLd"":null}"
brands,1014,Nature's Way,natures-way,Nature's Way Chính Hãng,"{""metaTitle"":""Vitamin và khoáng chất Nature's Way chính hãng | MF Paris"",""metaDescription"":""Nature's Way chính hãng tại MF Paris với Kids Smart, canxi và dầu cá bổ sung dinh dưỡng. Xem thành phần, quy cách, cách dùng và giá bán."",""focusKeyword"":""Nature's Way chính hãng"",""breadcrumbLabel"":""Nature's Way"",""ogTitle"":""Nature's Way Chính Hãng | MF Paris"",""ogDescription"":""Khám phá sản phẩm Nature's Way chính hãng tại MF Paris. Xem thông tin, giá bán và lựa chọn sản phẩm phù hợp."",""ogImage"":null,""twitterImage"":null,""robotsIndex"":""index"",""robotsFollow"":""follow"",""canonicalOverride"":null,""sitemapInclude"":true,""sitemapPriority"":0.7,""sitemapChangeFrequency"":""weekly"",""schemaType"":""CollectionPage"",""customJsonLd"":null}"
brands,1013,Natio,natio,Natio Chính Hãng,"{""metaTitle"":""Trang điểm và dưỡng da Natio chính hãng | MF Paris"",""metaDescription"":""Natio chính hãng tại MF Paris với bộ sản phẩm trang điểm và chăm sóc da. Xem thành phần, quy cách, cách dùng và giá bán để chọn sản phẩm phù hợp."",""focusKeyword"":""Natio chính hãng"",""breadcrumbLabel"":""Natio"",""ogTitle"":""Natio Chính Hãng | MF Paris"",""ogDescription"":""Khám phá sản phẩm Natio chính hãng tại MF Paris. Xem thông tin, giá bán và lựa chọn sản phẩm phù hợp."",""ogImage"":null,""twitterImage"":null,""robotsIndex"":""index"",""robotsFollow"":""follow"",""canonicalOverride"":null,""sitemapInclude"":true,""sitemapPriority"":0.7,""sitemapChangeFrequency"":""weekly"",""schemaType"":""CollectionPage"",""customJsonLd"":null}"
brands,1012,Nat & Form,nat-form,Nat & Form Chính Hãng,"{""metaTitle"":""Thực phẩm bổ sung Nat & Form chính hãng | MF Paris"",""metaDescription"":""Nat & Form chính hãng tại MF Paris với dầu hoa anh thảo và sản phẩm bổ sung dinh dưỡng. Xem thành phần, quy cách, cách dùng và giá bán để chọn sản phẩm phù hợp."",""focusKeyword"":""Nat & Form chính hãng"",""breadcrumbLabel"":""Nat & Form"",""ogTitle"":""Nat & Form Chính Hãng | MF Paris"",""ogDescription"":""Khám phá sản phẩm Nat & Form chính hãng tại MF Paris. Xem thông tin, giá bán và lựa chọn sản phẩm phù hợp."",""ogImage"":null,""twitterImage"":null,""robotsIndex"":""index"",""robotsFollow"":""follow"",""canonicalOverride"":null,""sitemapInclude"":true,""sitemapPriority"":0.7,""sitemapChangeFrequency"":""weekly"",""schemaType"":""CollectionPage"",""customJsonLd"":null}"
brands,1011,Nasomatto,nasomatto,Nasomatto Chính Hãng,"{""metaTitle"":""Nước hoa Nasomatto chính hãng | MF Paris"",""metaDescription"":""Nước hoa Nasomatto chính hãng tại MF Paris với Baraonda. So sánh phiên bản, nồng độ, dung tích và giá bán để chọn mùi phù hợp."",""focusKeyword"":""Nasomatto chính hãng"",""breadcrumbLabel"":""Nasomatto"",""ogTitle"":""Nasomatto Chính Hãng | MF Paris"",""ogDescription"":""Khám phá sản phẩm Nasomatto chính hãng tại MF Paris. Xem thông tin, giá bán và lựa chọn sản phẩm phù hợp."",""ogImage"":null,""twitterImage"":null,""robotsIndex"":""index"",""robotsFollow"":""follow"",""canonicalOverride"":null,""sitemapInclude"":true,""sitemapPriority"":0.7,""sitemapChangeFrequency"":""weekly"",""schemaType"":""CollectionPage"",""customJsonLd"":null}"
brands,1010,MyleuGyne,myleugyne,MyleuGyne Chính Hãng,"{""metaTitle"":""Chăm sóc phụ khoa MyleuGyne chính hãng | MF Paris"",""metaDescription"":""MyleuGyne chính hãng tại MF Paris với kem MyleuGyne và sản phẩm dạng viên đặt. Xem thành phần, quy cách, cách dùng và giá bán để chọn sản phẩm phù hợp."",""focusKeyword"":""MyleuGyne chính hãng"",""breadcrumbLabel"":""MyleuGyne"",""ogTitle"":""MyleuGyne Chính Hãng | MF Paris"",""ogDescription"":""Khám phá sản phẩm MyleuGyne chính hãng tại MF Paris. Xem thông tin, giá bán và lựa chọn sản phẩm phù hợp."",""ogImage"":null,""twitterImage"":null,""robotsIndex"":""index"",""robotsFollow"":""follow"",""canonicalOverride"":null,""sitemapInclude"":true,""sitemapPriority"":0.7,""sitemapChangeFrequency"":""weekly"",""schemaType"":""CollectionPage"",""customJsonLd"":null}"
brands,1009,Murad,murad,Murad Chính Hãng,"{""metaTitle"":""Thực phẩm bổ sung Murad chính hãng | MF Paris"",""metaDescription"":""Murad chính hãng tại MF Paris với viên uống chăm sóc da Pomphenol Sunguard. Xem thành phần, quy cách, cách dùng và giá bán để chọn sản phẩm phù hợp."",""focusKeyword"":""Murad chính hãng"",""breadcrumbLabel"":""Murad"",""ogTitle"":""Murad Chính Hãng | MF Paris"",""ogDescription"":""Khám phá sản phẩm Murad chính hãng tại MF Paris. Xem thông tin, giá bán và lựa chọn sản phẩm phù hợp."",""ogImage"":null,""twitterImage"":null,""robotsIndex"":""index"",""robotsFollow"":""follow"",""canonicalOverride"":null,""sitemapInclude"":true,""sitemapPriority"":0.7,""sitemapChangeFrequency"":""weekly"",""schemaType"":""CollectionPage"",""customJsonLd"":null}"
brands,1008,Mucogyne,mucogyne,Mucogyne Chính Hãng,"{""metaTitle"":""Dưỡng ẩm vùng kín Mucogyne | MF Paris"",""metaDescription"":""Tham khảo sản phẩm dưỡng ẩm vùng kín Mucogyne tại MF Paris, gồm gel và dạng viên. Xem thành phần, quy cách và hướng dẫn sử dụng trước khi lựa chọn."",""focusKeyword"":""Mucogyne chính hãng"",""breadcrumbLabel"":""Mucogyne"",""ogTitle"":""Mucogyne Chính Hãng | MF Paris"",""ogDescription"":""Khám phá sản phẩm Mucogyne chính hãng tại MF Paris. Xem thông tin, giá bán và lựa chọn sản phẩm phù hợp."",""ogImage"":null,""twitterImage"":null,""robotsIndex"":""index"",""robotsFollow"":""follow"",""canonicalOverride"":null,""sitemapInclude"":true,""sitemapPriority"":0.7,""sitemapChangeFrequency"":""weekly"",""schemaType"":""CollectionPage"",""customJsonLd"":null}"
brands,1007,Mr White,mr-white,Mr White Chính Hãng,"{""metaTitle"":""Bàn chải điện Mr White cho bé | MF Paris"",""metaDescription"":""Bàn chải điện Mr White cho bé chính hãng tại MF Paris. Tham khảo thiết kế, hướng dẫn sử dụng và giá bán để chọn sản phẩm chăm sóc răng miệng cho trẻ."",""focusKeyword"":""Mr White chính hãng"",""breadcrumbLabel"":""Mr White"",""ogTitle"":""Mr White Chính Hãng | MF Paris"",""ogDescription"":""Khám phá sản phẩm Mr White chính hãng tại MF Paris. Xem thông tin, giá bán và lựa chọn sản phẩm phù hợp."",""ogImage"":null,""twitterImage"":null,""robotsIndex"":""index"",""robotsFollow"":""follow"",""canonicalOverride"":null,""sitemapInclude"":true,""sitemapPriority"":0.7,""sitemapChangeFrequency"":""weekly"",""schemaType"":""CollectionPage"",""customJsonLd"":null}"
brands,1006,Moschino,moschino,Moschino Chính Hãng,"{""metaTitle"":""Nước hoa Moschino chính hãng | MF Paris"",""metaDescription"":""Nước hoa Moschino chính hãng tại MF Paris với Toy và Cheap & Chic. So sánh phiên bản, nồng độ, dung tích và giá bán để chọn mùi phù hợp."",""focusKeyword"":""Moschino chính hãng"",""breadcrumbLabel"":""Moschino"",""ogTitle"":""Moschino Chính Hãng | MF Paris"",""ogDescription"":""Moschino, nổi tiếng với phong cách độc đáo, phá cách và đầy màu sắc. Không chỉ dừng lại ở những bộ sưu tập quần áo ấn tượng, Moschino còn chinh phục trái tim "",""ogImage"":null,""twitterImage"":null,""robotsIndex"":""index"",""robotsFollow"":""follow"",""canonicalOverride"":null,""sitemapInclude"":true,""sitemapPriority"":0.7,""sitemapChangeFrequency"":""weekly"",""schemaType"":""CollectionPage"",""customJsonLd"":null}"
brands,1005,Montale,montale,Montale Chính Hãng,"{""metaTitle"":""Nước hoa Montale chính hãng | MF Paris"",""metaDescription"":""Nước hoa Montale chính hãng tại MF Paris với Roses Musk và Amber Musk. So sánh phiên bản, nồng độ, dung tích và giá bán để chọn mùi phù hợp."",""focusKeyword"":""Montale chính hãng"",""breadcrumbLabel"":""Montale"",""ogTitle"":""Montale Chính Hãng | MF Paris"",""ogDescription"":""Montale là một ngôi nhà khá nổi tiếng. Khi mọi người đang tìm kiếm một mùi hương thơm ngất ngây, thương hiệu đó sẽ nằm ở vị trí cao trong danh sách đó. Từ hươ"",""ogImage"":null,""twitterImage"":null,""robotsIndex"":""index"",""robotsFollow"":""follow"",""canonicalOverride"":null,""sitemapInclude"":true,""sitemapPriority"":0.7,""sitemapChangeFrequency"":""weekly"",""schemaType"":""CollectionPage"",""customJsonLd"":null}"
brands,1004,Mode Creation Munich,mode-creation-munich,Mode Creation Munich Chính Hãng,"{""metaTitle"":""Nước hoa Mode Creation Munich MCM | MF Paris"",""metaDescription"":""Nước hoa Mode Creation Munich MCM Eau de Parfum chính hãng tại MF Paris. Tham khảo mùi hương, nồng độ, dung tích và giá bán trước khi lựa chọn."",""focusKeyword"":""Mode Creation Munich chính hãng"",""breadcrumbLabel"":""Mode Creation Munich"",""ogTitle"":""Mode Creation Munich Chính Hãng | MF Paris"",""ogDescription"":""Khám phá sản phẩm Mode Creation Munich chính hãng tại MF Paris. Xem thông tin, giá bán và lựa chọn sản phẩm phù hợp."",""ogImage"":null,""twitterImage"":null,""robotsIndex"":""index"",""robotsFollow"":""follow"",""canonicalOverride"":null,""sitemapInclude"":true,""sitemapPriority"":0.7,""sitemapChangeFrequency"":""weekly"",""schemaType"":""CollectionPage"",""customJsonLd"":null}"
brands,1003,MKL Green Nature,mkl-green-nature,MKL Green Nature Chính Hãng,"{""metaTitle"":""Sữa tắm MKL Green Nature chính hãng | MF Paris"",""metaDescription"":""MKL Green Nature chính hãng tại MF Paris với gel tắm Cosmethik hương đào trắng cho chăm sóc cơ thể. Xem thành phần, quy cách, cách dùng và giá bán."",""focusKeyword"":""MKL Green Nature chính hãng"",""breadcrumbLabel"":""MKL Green Nature"",""ogTitle"":""MKL Green Nature Chính Hãng | MF Paris"",""ogDescription"":""Khám phá sản phẩm MKL Green Nature chính hãng tại MF Paris. Xem thông tin, giá bán và lựa chọn sản phẩm phù hợp."",""ogImage"":null,""twitterImage"":null,""robotsIndex"":""index"",""robotsFollow"":""follow"",""canonicalOverride"":null,""sitemapInclude"":true,""sitemapPriority"":0.7,""sitemapChangeFrequency"":""weekly"",""schemaType"":""CollectionPage"",""customJsonLd"":null}"
brands,1002,Miu Miu,miu-miu,Miu Miu Chính Hãng,"{""metaTitle"":""Nước hoa Miu Miu chính hãng | MF Paris"",""metaDescription"":""Nước hoa Miu Miu chính hãng tại MF Paris với Miu Miu Eau de Parfum. So sánh phiên bản, nồng độ, dung tích và giá bán để chọn mùi phù hợp."",""focusKeyword"":""Miu Miu chính hãng"",""breadcrumbLabel"":""Miu Miu"",""ogTitle"":""Miu Miu Chính Hãng | MF Paris"",""ogDescription"":""Miu Miu là thương hiệu quần áo và phụ kiện thời trang cao cấp của Ý và là công ty con thuộc sở hữu hoàn toàn của Prada . Nó do Miuccia Prada đứng đầu và có tr"",""ogImage"":null,""twitterImage"":null,""robotsIndex"":""index"",""robotsFollow"":""follow"",""canonicalOverride"":null,""sitemapInclude"":true,""sitemapPriority"":0.7,""sitemapChangeFrequency"":""weekly"",""schemaType"":""CollectionPage"",""customJsonLd"":null}"
brands,1001,Missoni,missoni,Missoni Chính Hãng,"{""metaTitle"":""Nước hoa Missoni chính hãng | MF Paris"",""metaDescription"":""Nước hoa Missoni chính hãng tại MF Paris với Wave và Parfum Pour Homme. So sánh phiên bản, nồng độ, dung tích và giá bán để chọn mùi phù hợp."",""focusKeyword"":""Missoni chính hãng"",""breadcrumbLabel"":""Missoni"",""ogTitle"":""Missoni Chính Hãng | MF Paris"",""ogDescription"":""Nhà thiết kế nổi tiếng người Ý Missoni không chỉ là một doanh nghiệp gia đình sản xuất quần áo quyến rũ; nhiều loại nước hoa đẹp mắt đã được thương hiệu này t"",""ogImage"":null,""twitterImage"":null,""robotsIndex"":""index"",""robotsFollow"":""follow"",""canonicalOverride"":null,""sitemapInclude"":true,""sitemapPriority"":0.7,""sitemapChangeFrequency"":""weekly"",""schemaType"":""CollectionPage"",""customJsonLd"":null}"
brands,1000,Microlax,microlax,Microlax Chính Hãng,"{""metaTitle"":""Microlax Enema chính hãng | MF Paris"",""metaDescription"":""Microlax Enema dạng dung dịch dùng trực tràng tại MF Paris. Tham khảo thành phần, quy cách đóng gói, hướng dẫn sử dụng và giá bán trước khi lựa chọn."",""focusKeyword"":""Microlax chính hãng"",""breadcrumbLabel"":""Microlax"",""ogTitle"":""Microlax Chính Hãng | MF Paris"",""ogDescription"":""Khám phá sản phẩm Microlax chính hãng tại MF Paris. Xem thông tin, giá bán và lựa chọn sản phẩm phù hợp."",""ogImage"":null,""twitterImage"":null,""robotsIndex"":""index"",""robotsFollow"":""follow"",""canonicalOverride"":null,""sitemapInclude"":true,""sitemapPriority"":0.7,""sitemapChangeFrequency"":""weekly"",""schemaType"":""CollectionPage"",""customJsonLd"":null}"
brands,999,Mettler,mettler,Mettler Chính Hãng,"{""metaTitle"":""Chăm sóc da Mettler chính hãng | MF Paris"",""metaDescription"":""Mettler chính hãng tại MF Paris với serum Detox, tẩy tế bào chết và dòng dưỡng da Lightening. Xem thành phần, quy cách, cách dùng và giá bán."",""focusKeyword"":""Mettler chính hãng"",""breadcrumbLabel"":""Mettler"",""ogTitle"":""Mettler Chính Hãng | MF Paris"",""ogDescription"":""Khám phá sản phẩm Mettler chính hãng tại MF Paris. Xem thông tin, giá bán và lựa chọn sản phẩm phù hợp."",""ogImage"":null,""twitterImage"":null,""robotsIndex"":""index"",""robotsFollow"":""follow"",""canonicalOverride"":null,""sitemapInclude"":true,""sitemapPriority"":0.7,""sitemapChangeFrequency"":""weekly"",""schemaType"":""CollectionPage"",""customJsonLd"":null}"
brands,998,Merck KGaA,merck-kgaa,Merck KGaA Chính Hãng,"{""metaTitle"":""Chăm sóc phụ khoa Merck KGaA chính hãng | MF Paris"",""metaDescription"":""Merck KGaA chính hãng tại MF Paris với Gynophilus và sản phẩm chăm sóc vùng kín. Xem thành phần, quy cách, cách dùng và giá bán để chọn sản phẩm phù hợp."",""focusKeyword"":""Merck KGaA chính hãng"",""breadcrumbLabel"":""Merck KGaA"",""ogTitle"":""Merck KGaA Chính Hãng | MF Paris"",""ogDescription"":""Khám phá sản phẩm Merck KGaA chính hãng tại MF Paris. Xem thông tin, giá bán và lựa chọn sản phẩm phù hợp."",""ogImage"":null,""twitterImage"":null,""robotsIndex"":""index"",""robotsFollow"":""follow"",""canonicalOverride"":null,""sitemapInclude"":true,""sitemapPriority"":0.7,""sitemapChangeFrequency"":""weekly"",""schemaType"":""CollectionPage"",""customJsonLd"":null}"
brands,997,Mercedes Benz,mercedes-benz,Mercedes Benz Chính Hãng,"{""metaTitle"":""Nước hoa Mercedes Benz chính hãng | MF Paris"",""metaDescription"":""Nước hoa Mercedes Benz chính hãng tại MF Paris với Intense và Silver. So sánh phiên bản, nồng độ, dung tích và giá bán để chọn mùi phù hợp."",""focusKeyword"":""Mercedes Benz chính hãng"",""breadcrumbLabel"":""Mercedes Benz"",""ogTitle"":""Mercedes Benz Chính Hãng | MF Paris"",""ogDescription"":""Karl Benz và Patent-Motorwagen: Vào năm 1886, Karl Benz, một kỹ sư người Đức, chế tạo và đưa ra thị trường chiếc xe hơi đầu tiên với động cơ đốt trong hoạt độ"",""ogImage"":null,""twitterImage"":null,""robotsIndex"":""index"",""robotsFollow"":""follow"",""canonicalOverride"":null,""sitemapInclude"":true,""sitemapPriority"":0.7,""sitemapChangeFrequency"":""weekly"",""schemaType"":""CollectionPage"",""customJsonLd"":null}"
brands,995,Mémoire des Sens,memoire-des-sens,Mémoire des Sens Chính Hãng,"{""metaTitle"":""Nước hoa Mémoire des Sens chính hãng | MF Paris"",""metaDescription"":""Nước hoa Mémoire des Sens chính hãng tại MF Paris với Smell the Roses và Taste of You. So sánh phiên bản, nồng độ, dung tích và giá bán để chọn mùi phù hợp."",""focusKeyword"":""Mémoire des Sens chính hãng"",""breadcrumbLabel"":""Mémoire des Sens"",""ogTitle"":""Mémoire des Sens Chính Hãng | MF Paris"",""ogDescription"":""Khám phá sản phẩm Mémoire des Sens chính hãng tại MF Paris. Xem thông tin, giá bán và lựa chọn sản phẩm phù hợp."",""ogImage"":null,""twitterImage"":null,""robotsIndex"":""index"",""robotsFollow"":""follow"",""canonicalOverride"":null,""sitemapInclude"":true,""sitemapPriority"":0.7,""sitemapChangeFrequency"":""weekly"",""schemaType"":""CollectionPage"",""customJsonLd"":null}"
brands,994,Memo Paris,memo-paris,Memo Paris Chính Hãng,"{""metaTitle"":""Nước hoa Memo Paris chính hãng | MF Paris"",""metaDescription"":""Nước hoa Memo Paris chính hãng tại MF Paris với Irish Leather. So sánh phiên bản, nồng độ, dung tích và giá bán để chọn mùi phù hợp."",""focusKeyword"":""Memo Paris chính hãng"",""breadcrumbLabel"":""Memo Paris"",""ogTitle"":""Memo Paris Chính Hãng | MF Paris"",""ogDescription"":""Khám phá sản phẩm Memo Paris chính hãng tại MF Paris. Xem thông tin, giá bán và lựa chọn sản phẩm phù hợp."",""ogImage"":null,""twitterImage"":null,""robotsIndex"":""index"",""robotsFollow"":""follow"",""canonicalOverride"":null,""sitemapInclude"":true,""sitemapPriority"":0.7,""sitemapChangeFrequency"":""weekly"",""schemaType"":""CollectionPage"",""customJsonLd"":null}"
brands,993,Melvita,melvita,Melvita Chính Hãng,"{""metaTitle"":""Chăm sóc da Melvita chính hãng | MF Paris"",""metaDescription"":""Melvita chính hãng tại MF Paris với nước tẩy trang và xịt dưỡng Eau Florale. Xem thành phần, quy cách, cách dùng và giá bán để chọn sản phẩm phù hợp."",""focusKeyword"":""Melvita chính hãng"",""breadcrumbLabel"":""Melvita"",""ogTitle"":""Melvita Chính Hãng | MF Paris"",""ogDescription"":""Khám phá sản phẩm Melvita chính hãng tại MF Paris. Xem thông tin, giá bán và lựa chọn sản phẩm phù hợp."",""ogImage"":null,""twitterImage"":null,""robotsIndex"":""index"",""robotsFollow"":""follow"",""canonicalOverride"":null,""sitemapInclude"":true,""sitemapPriority"":0.7,""sitemapChangeFrequency"":""weekly"",""schemaType"":""CollectionPage"",""customJsonLd"":null}"
brands,992,Melrose,melrose,Melrose Chính Hãng,"{""metaTitle"":""Bổ sung dinh dưỡng Melrose chính hãng | MF Paris"",""metaDescription"":""Melrose chính hãng tại MF Paris với bột rau củ Organic Essential Greens. Xem thành phần, quy cách, cách dùng và giá bán để chọn sản phẩm phù hợp."",""focusKeyword"":""Melrose chính hãng"",""breadcrumbLabel"":""Melrose"",""ogTitle"":""Melrose Chính Hãng | MF Paris"",""ogDescription"":""Được thành lập vào năm 1979, Melrose được thành lập tại Úc sau một ý tưởng đầy cảm hứng từ nhà hóa học Geoff Steinicke: trong khi thuốc ngày càng đắt hơn, liệ"",""ogImage"":null,""twitterImage"":null,""robotsIndex"":""index"",""robotsFollow"":""follow"",""canonicalOverride"":null,""sitemapInclude"":true,""sitemapPriority"":0.7,""sitemapChangeFrequency"":""weekly"",""schemaType"":""CollectionPage"",""customJsonLd"":null}"
brands,991,MCM,mcm,MCM Chính Hãng,"{""metaTitle"":""Nước hoa MCM chính hãng | MF Paris"",""metaDescription"":""Nước hoa MCM chính hãng tại MF Paris với Crush và Onyx. So sánh phiên bản, nồng độ, dung tích và giá bán để chọn mùi phù hợp."",""focusKeyword"":""MCM chính hãng"",""breadcrumbLabel"":""MCM"",""ogTitle"":""MCM Chính Hãng | MF Paris"",""ogDescription"":""MCM được biết đến là thương hiệu đồ da cao cấp có nguồn gốc từ Đức, được thành lập vào năm 1976 dưới tên gọi “Michael Cromer Munich”. Tuy nổi bật với các sản "",""ogImage"":null,""twitterImage"":null,""robotsIndex"":""index"",""robotsFollow"":""follow"",""canonicalOverride"":null,""sitemapInclude"":true,""sitemapPriority"":0.7,""sitemapChangeFrequency"":""weekly"",""schemaType"":""CollectionPage"",""customJsonLd"":null}"
brands,990,Matiere Premiere,matiere-premiere,Matiere Premiere Chính Hãng,"{""metaTitle"":""Nước hoa Matière Première chính hãng | MF Paris"",""metaDescription"":""Nước hoa Matière Première chính hãng tại MF Paris với Vanilla Powder và Parisian Musc. So sánh phiên bản, nồng độ, dung tích và giá bán để chọn mùi phù hợp."",""focusKeyword"":""Matiere Premiere chính hãng"",""breadcrumbLabel"":""Matiere Premiere"",""ogTitle"":""Matiere Premiere Chính Hãng | MF Paris"",""ogDescription"":""Khám phá sản phẩm Matiere Premiere chính hãng tại MF Paris. Xem thông tin, giá bán và lựa chọn sản phẩm phù hợp."",""ogImage"":null,""twitterImage"":null,""robotsIndex"":""index"",""robotsFollow"":""follow"",""canonicalOverride"":null,""sitemapInclude"":true,""sitemapPriority"":0.7,""sitemapChangeFrequency"":""weekly"",""schemaType"":""CollectionPage"",""customJsonLd"":null}"
brands,989,MartiDerm,martiderm,MartiDerm Chính Hãng,"{""metaTitle"":""Dược mỹ phẩm MartiDerm chính hãng | MF Paris"",""metaDescription"":""MartiDerm chính hãng tại MF Paris với kem chống nắng Proteos Screen và sản phẩm chăm sóc da. Xem thành phần, quy cách, cách dùng và giá bán."",""focusKeyword"":""MartiDerm chính hãng"",""breadcrumbLabel"":""MartiDerm"",""ogTitle"":""MartiDerm Chính Hãng | MF Paris"",""ogDescription"":""Tháng 5 năm 1952, bác sĩ Josep Martí i Tor đặt nền móng cho thương hiệu MartiDerm. Lúc đó, ông chỉ mới 24 tuổi và đang theo học chuyên ngành da liễu. Ông đã c"",""ogImage"":null,""twitterImage"":null,""robotsIndex"":""index"",""robotsFollow"":""follow"",""canonicalOverride"":null,""sitemapInclude"":true,""sitemapPriority"":0.7,""sitemapChangeFrequency"":""weekly"",""schemaType"":""CollectionPage"",""customJsonLd"":null}"
brands,988,Marshoud,marshoud,Marshoud Chính Hãng,"{""metaTitle"":""Nước hoa tóc Marshoud chính hãng | MF Paris"",""metaDescription"":""Nước hoa tóc Marshoud No.4 Hair Mist 50ml chính hãng tại MF Paris. Tìm hiểu mùi hương, cách xịt lên tóc, dung tích và giá bán trước khi lựa chọn."",""focusKeyword"":""Marshoud chính hãng"",""breadcrumbLabel"":""Marshoud"",""ogTitle"":""Marshoud Chính Hãng | MF Paris"",""ogDescription"":""Khám phá sản phẩm Marshoud chính hãng tại MF Paris. Xem thông tin, giá bán và lựa chọn sản phẩm phù hợp."",""ogImage"":null,""twitterImage"":null,""robotsIndex"":""index"",""robotsFollow"":""follow"",""canonicalOverride"":null,""sitemapInclude"":true,""sitemapPriority"":0.7,""sitemapChangeFrequency"":""weekly"",""schemaType"":""CollectionPage"",""customJsonLd"":null}"
brands,987,Marc Jacobs,marc-jacobs,Marc Jacobs Chính Hãng,"{""metaTitle"":""Nước hoa Marc Jacobs chính hãng | MF Paris"",""metaDescription"":""Nước hoa Marc Jacobs chính hãng tại MF Paris với Daisy và Perfect. So sánh phiên bản, nồng độ, dung tích và giá bán để chọn mùi phù hợp."",""focusKeyword"":""Marc Jacobs chính hãng"",""breadcrumbLabel"":""Marc Jacobs"",""ogTitle"":""Marc Jacobs Chính Hãng | MF Paris"",""ogDescription"":""Nếu thời trang là ngôn ngữ của cơ thể, thì nước hoa chính là ngôn ngữ của tâm hồn. Với Marc Jacobs, tài năng thiên bẩm đã giúp ông kết nối hai ngôn ngữ ấy một"",""ogImage"":null,""twitterImage"":null,""robotsIndex"":""index"",""robotsFollow"":""follow"",""canonicalOverride"":null,""sitemapInclude"":true,""sitemapPriority"":0.7,""sitemapChangeFrequency"":""weekly"",""schemaType"":""CollectionPage"",""customJsonLd"":null}"
brands,986,Manuka Health,manuka-health,Manuka Health Chính Hãng,"{""metaTitle"":""Mật ong Manuka Health | MF Paris"",""metaDescription"":""Tìm hiểu mật ong Manuka Health và các sản phẩm chăm sóc sức khỏe tại MF Paris. Tham khảo thành phần, quy cách, đối tượng và hướng dẫn sử dụng."",""focusKeyword"":""Manuka Health chính hãng"",""breadcrumbLabel"":""Manuka Health"",""ogTitle"":""Manuka Health Chính Hãng | MF Paris"",""ogDescription"":""Được thành lập (và vẫn có trụ sở) tại thị trấn nông thôn nhỏ Te Awamutu ở Aotearoa, New Zealand vào năm 2006, Mānuka Health hiện là thương hiệu mật ong Mānuka"",""ogImage"":null,""twitterImage"":null,""robotsIndex"":""index"",""robotsFollow"":""follow"",""canonicalOverride"":null,""sitemapInclude"":true,""sitemapPriority"":0.7,""sitemapChangeFrequency"":""weekly"",""schemaType"":""CollectionPage"",""customJsonLd"":null}"
brands,985,Maison Margiela,maison-margiela,Maison Margiela Chính Hãng,"{""metaTitle"":""Nước hoa Maison Margiela chính hãng | MF Paris"",""metaDescription"":""Nước hoa Maison Margiela chính hãng tại MF Paris với REPLICA. So sánh phiên bản, nồng độ, dung tích và giá bán để chọn mùi phù hợp."",""focusKeyword"":""Maison Margiela chính hãng"",""breadcrumbLabel"":""Maison Margiela"",""ogTitle"":""Maison Margiela Chính Hãng | MF Paris"",""ogDescription"":""Nước hoa Replica hay nước hoa Maison Margiela là một dòng nước hoa nổi tiếng thuộc thương hiệu Maison Margiela, được thành lập bởi nhà thiết kế người Bỉ, Mart"",""ogImage"":null,""twitterImage"":null,""robotsIndex"":""index"",""robotsFollow"":""follow"",""canonicalOverride"":null,""sitemapInclude"":true,""sitemapPriority"":0.7,""sitemapChangeFrequency"":""weekly"",""schemaType"":""CollectionPage"",""customJsonLd"":null}"
brands,984,Maison Francis Kurkdjian,maison-francis-kurkdjian,Maison Francis Kurkdjian Chính Hãng,"{""metaTitle"":""Nước hoa Maison Francis Kurkdjian chính hãng | MF Paris"",""metaDescription"":""Nước hoa Maison Francis Kurkdjian chính hãng tại MF Paris với Amyris và Aqua Universalis. So sánh phiên bản, nồng độ, dung tích và giá bán để chọn mùi phù hợp."",""focusKeyword"":""Maison Francis Kurkdjian chính hãng"",""breadcrumbLabel"":""Maison Francis Kurkdjian"",""ogTitle"":""Maison Francis Kurkdjian Chính Hãng | MF Paris"",""ogDescription"":""Hãy tưởng tượng một thế giới nơi mùi hương không chỉ là cảm xúc thoáng qua, mà còn là một tác phẩm nghệ thuật kể chuyện. Đó chính là thế giới của Maison Franc"",""ogImage"":null,""twitterImage"":null,""robotsIndex"":""index"",""robotsFollow"":""follow"",""canonicalOverride"":null,""sitemapInclude"":true,""sitemapPriority"":0.7,""sitemapChangeFrequency"":""weekly"",""schemaType"":""CollectionPage"",""customJsonLd"":null}"
brands,983,Maison Crivelli,maison-crivelli,Maison Crivelli Chính Hãng,"{""metaTitle"":""Nước hoa Maison Crivelli chính hãng | MF Paris"",""metaDescription"":""Nước hoa Maison Crivelli chính hãng tại MF Paris với Papyrus Moléculaire. So sánh phiên bản, nồng độ, dung tích và giá bán để chọn mùi phù hợp."",""focusKeyword"":""Maison Crivelli chính hãng"",""breadcrumbLabel"":""Maison Crivelli"",""ogTitle"":""Maison Crivelli Chính Hãng | MF Paris"",""ogDescription"":""Khám phá sản phẩm Maison Crivelli chính hãng tại MF Paris. Xem thông tin, giá bán và lựa chọn sản phẩm phù hợp."",""ogImage"":null,""twitterImage"":null,""robotsIndex"":""index"",""robotsFollow"":""follow"",""canonicalOverride"":null,""sitemapInclude"":true,""sitemapPriority"":0.7,""sitemapChangeFrequency"":""weekly"",""schemaType"":""CollectionPage"",""customJsonLd"":null}"
brands,982,Maison Alhambra,maison-alhambra,Maison Alhambra Chính Hãng,"{""metaTitle"":""Nước hoa Maison Alhambra chính hãng | MF Paris"",""metaDescription"":""Nước hoa Maison Alhambra chính hãng tại MF Paris với Delilah và Delilah Blanc. So sánh phiên bản, nồng độ, dung tích và giá bán để chọn mùi phù hợp."",""focusKeyword"":""Maison Alhambra chính hãng"",""breadcrumbLabel"":""Maison Alhambra"",""ogTitle"":""Maison Alhambra Chính Hãng | MF Paris"",""ogDescription"":""Khám phá sản phẩm Maison Alhambra chính hãng tại MF Paris. Xem thông tin, giá bán và lựa chọn sản phẩm phù hợp."",""ogImage"":null,""twitterImage"":null,""robotsIndex"":""index"",""robotsFollow"":""follow"",""canonicalOverride"":null,""sitemapInclude"":true,""sitemapPriority"":0.7,""sitemapChangeFrequency"":""weekly"",""schemaType"":""CollectionPage"",""customJsonLd"":null}"
brands,981,MAC,mac,MAC Chính Hãng,"{""metaTitle"":""Son môi MAC chính hãng | MF Paris"",""metaDescription"":""MAC chính hãng tại MF Paris với son Retro Matte và các màu son MAC. Xem thành phần, quy cách, cách dùng và giá bán để chọn sản phẩm phù hợp."",""focusKeyword"":""MAC chính hãng"",""breadcrumbLabel"":""MAC"",""ogTitle"":""MAC Chính Hãng | MF Paris"",""ogDescription"":""Thương hiệu Luxéol chủ yếu tập trung vào bí quyết tốt nhất của mình: Tóc. Bao gồm các sản phẩm bổ sung thực phẩm và mỹ phẩm, thương hiệu này giải quyết một số"",""ogImage"":null,""twitterImage"":null,""robotsIndex"":""index"",""robotsFollow"":""follow"",""canonicalOverride"":null,""sitemapInclude"":true,""sitemapPriority"":0.7,""sitemapChangeFrequency"":""weekly"",""schemaType"":""CollectionPage"",""customJsonLd"":null}"
brands,980,Luxéol,luxeol,Luxéol Chính Hãng,"{""metaTitle"":""Chăm sóc tóc Luxéol | MF Paris"",""metaDescription"":""Tìm hiểu các sản phẩm chăm sóc tóc Luxéol tại MF Paris. Tham khảo thành phần, dạng dùng, đối tượng và hướng dẫn sử dụng để chọn theo nhu cầu của tóc."",""focusKeyword"":""Luxéol chính hãng"",""breadcrumbLabel"":""Luxéol"",""ogTitle"":""Luxéol Chính Hãng | MF Paris"",""ogDescription"":""Khám phá sản phẩm Luxéol chính hãng tại MF Paris. Xem thông tin, giá bán và lựa chọn sản phẩm phù hợp."",""ogImage"":null,""twitterImage"":null,""robotsIndex"":""index"",""robotsFollow"":""follow"",""canonicalOverride"":null,""sitemapInclude"":true,""sitemapPriority"":0.7,""sitemapChangeFrequency"":""weekly"",""schemaType"":""CollectionPage"",""customJsonLd"":null}"
brands,979,Louis Vuitton,louis-vuitton,Louis Vuitton Chính Hãng,"{""metaTitle"":""Nước hoa Louis Vuitton chính hãng | MF Paris"",""metaDescription"":""Nước hoa Louis Vuitton chính hãng tại MF Paris với Imagination và Orage. So sánh phiên bản, nồng độ, dung tích và giá bán để chọn mùi phù hợp."",""focusKeyword"":""Louis Vuitton chính hãng"",""breadcrumbLabel"":""Louis Vuitton"",""ogTitle"":""Louis Vuitton Chính Hãng | MF Paris"",""ogDescription"":""Louis Vuitton thương hiệu xa xỉ không dừng lại ở chinh phục thế giới thời trang mà còn cả những trái tim yêu hương thơm.Từ những chiếc vali biểu tượng trên đạ"",""ogImage"":null,""twitterImage"":null,""robotsIndex"":""index"",""robotsFollow"":""follow"",""canonicalOverride"":null,""sitemapInclude"":true,""sitemapPriority"":0.7,""sitemapChangeFrequency"":""weekly"",""schemaType"":""CollectionPage"",""customJsonLd"":null}"
brands,978,LONGTIEN,longtien,LONGTIEN Chính Hãng,"{""metaTitle"":""Nước hoa LONGTIEN chính hãng | MF Paris"",""metaDescription"":""Nước hoa LONGTIEN chính hãng tại MF Paris với Áo Dài và Trà Việt. So sánh phiên bản, nồng độ, dung tích và giá bán để chọn mùi phù hợp."",""focusKeyword"":""LONGTIEN chính hãng"",""breadcrumbLabel"":""LONGTIEN"",""ogTitle"":""LONGTIEN Chính Hãng | MF Paris"",""ogDescription"":""Khám phá sản phẩm LONGTIEN chính hãng tại MF Paris. Xem thông tin, giá bán và lựa chọn sản phẩm phù hợp."",""ogImage"":null,""twitterImage"":null,""robotsIndex"":""index"",""robotsFollow"":""follow"",""canonicalOverride"":null,""sitemapInclude"":true,""sitemapPriority"":0.7,""sitemapChangeFrequency"":""weekly"",""schemaType"":""CollectionPage"",""customJsonLd"":null}"
brands,977,Lolita Lempicka,lolita-lempicka,Lolita Lempicka Chính Hãng,"{""metaTitle"":""Nước hoa Lolita Lempicka chính hãng | MF Paris"",""metaDescription"":""Nước hoa Lolita Lempicka chính hãng tại MF Paris với Le Parfum và Sweet. So sánh phiên bản, nồng độ, dung tích và giá bán để chọn mùi phù hợp."",""focusKeyword"":""Lolita Lempicka chính hãng"",""breadcrumbLabel"":""Lolita Lempicka"",""ogTitle"":""Lolita Lempicka Chính Hãng | MF Paris"",""ogDescription"":""“Khi tôi còn nhỏ, từ ‘thời trang’ từng khiến tôi mơ ước. Tôi đã bí mật biến nó thành mục tiêu của cuộc đời mình mà không thực sự biết nó có thực sự là một ngh"",""ogImage"":null,""twitterImage"":null,""robotsIndex"":""index"",""robotsFollow"":""follow"",""canonicalOverride"":null,""sitemapInclude"":true,""sitemapPriority"":0.7,""sitemapChangeFrequency"":""weekly"",""schemaType"":""CollectionPage"",""customJsonLd"":null}"
brands,976,Loewe,loewe,Loewe Chính Hãng,"{""metaTitle"":""Nước hoa Loewe chính hãng | MF Paris"",""metaDescription"":""Nước hoa Loewe chính hãng tại MF Paris với Esencia. So sánh phiên bản, nồng độ, dung tích và giá bán để chọn mùi phù hợp."",""focusKeyword"":""Loewe chính hãng"",""breadcrumbLabel"":""Loewe"",""ogTitle"":""Loewe Chính Hãng | MF Paris"",""ogDescription"":""Khám phá sản phẩm Loewe chính hãng tại MF Paris. Xem thông tin, giá bán và lựa chọn sản phẩm phù hợp."",""ogImage"":null,""twitterImage"":null,""robotsIndex"":""index"",""robotsFollow"":""follow"",""canonicalOverride"":null,""sitemapInclude"":true,""sitemapPriority"":0.7,""sitemapChangeFrequency"":""weekly"",""schemaType"":""CollectionPage"",""customJsonLd"":null}"
brands,975,Lierac,lierac,Lierac Chính Hãng,"{""metaTitle"":""Chăm sóc da Lierac chính hãng | MF Paris"",""metaDescription"":""Lierac chính hãng tại MF Paris với Phytolastil và sản phẩm bổ sung Sunissime. Xem thành phần, quy cách, cách dùng và giá bán để chọn sản phẩm phù hợp."",""focusKeyword"":""Lierac chính hãng"",""breadcrumbLabel"":""Lierac"",""ogTitle"":""Lierac Chính Hãng | MF Paris"",""ogDescription"":""Kể từ khi LIERAC được thành lập vào năm 1975, chúng tôi đã phát triển các giải pháp mỹ phẩm đột phá từ hiện trạng. Được tạo ra bởi một bác sĩ có niềm đam mê v"",""ogImage"":null,""twitterImage"":null,""robotsIndex"":""index"",""robotsFollow"":""follow"",""canonicalOverride"":null,""sitemapInclude"":true,""sitemapPriority"":0.7,""sitemapChangeFrequency"":""weekly"",""schemaType"":""CollectionPage"",""customJsonLd"":null}"
brands,974,Les Liquides Imaginaires,les-liquides-imaginaires,Les Liquides Imaginaires Chính Hãng,"{""metaTitle"":""Nước hoa Les Liquides Imaginaires chính hãng | MF Paris"",""metaDescription"":""Nước hoa Les Liquides Imaginaires chính hãng tại MF Paris với Blanche Bête. So sánh phiên bản, nồng độ, dung tích và giá bán để chọn mùi phù hợp."",""focusKeyword"":""Les Liquides Imaginaires chính hãng"",""breadcrumbLabel"":""Les Liquides Imaginaires"",""ogTitle"":""Les Liquides Imaginaires Chính Hãng | MF Paris"",""ogDescription"":""Khám phá sản phẩm Les Liquides Imaginaires chính hãng tại MF Paris. Xem thông tin, giá bán và lựa chọn sản phẩm phù hợp."",""ogImage"":null,""twitterImage"":null,""robotsIndex"":""index"",""robotsFollow"":""follow"",""canonicalOverride"":null,""sitemapInclude"":true,""sitemapPriority"":0.7,""sitemapChangeFrequency"":""weekly"",""schemaType"":""CollectionPage"",""customJsonLd"":null}"
brands,973,Le Labo,le-labo,Le Labo Chính Hãng,"{""metaTitle"":""Nước hoa Le Labo chính hãng | MF Paris"",""metaDescription"":""Nước hoa Le Labo chính hãng tại MF Paris với Santal 33 và Another 13. So sánh phiên bản, nồng độ, dung tích và giá bán để chọn mùi phù hợp."",""focusKeyword"":""Le Labo chính hãng"",""breadcrumbLabel"":""Le Labo"",""ogTitle"":""Le Labo Chính Hãng | MF Paris"",""ogDescription"":""Nước hoa Le Labo là một thương hiệu nước hoa mỹ phân khúc niche nổi tiếng đến từ Mỹ, với thành phần 100% từ thiên nhiên được tuyển chọn kỹ lưỡng và chuẩn bị h"",""ogImage"":null,""twitterImage"":null,""robotsIndex"":""index"",""robotsFollow"":""follow"",""canonicalOverride"":null,""sitemapInclude"":true,""sitemapPriority"":0.7,""sitemapChangeFrequency"":""weekly"",""schemaType"":""CollectionPage"",""customJsonLd"":null}"
brands,972,Lattafa,lattafa,Lattafa Chính Hãng,"{""metaTitle"":""Nước hoa Lattafa chính hãng | MF Paris"",""metaDescription"":""Nước hoa Lattafa chính hãng tại MF Paris với Khamrah, Yara và Her Confession. So sánh phiên bản, nồng độ, dung tích và giá bán để chọn mùi phù hợp."",""focusKeyword"":""Lattafa chính hãng"",""breadcrumbLabel"":""Lattafa"",""ogTitle"":""Lattafa Chính Hãng | MF Paris"",""ogDescription"":""Khám phá sản phẩm Lattafa chính hãng tại MF Paris. Xem thông tin, giá bán và lựa chọn sản phẩm phù hợp."",""ogImage"":null,""twitterImage"":null,""robotsIndex"":""index"",""robotsFollow"":""follow"",""canonicalOverride"":null,""sitemapInclude"":true,""sitemapPriority"":0.7,""sitemapChangeFrequency"":""weekly"",""schemaType"":""CollectionPage"",""customJsonLd"":null}"
brands,971,Lashile Beauty,lashile-beauty,Lashile Beauty Chính Hãng,"{""metaTitle"":""Vitamin dạng kẹo Lashile Beauty chính hãng | MF Paris"",""metaDescription"":""Lashile Beauty chính hãng tại MF Paris với kẹo bổ sung Good Hair Vitamins Boost. Xem thành phần, quy cách, cách dùng và giá bán để chọn sản phẩm phù hợp."",""focusKeyword"":""Lashile Beauty chính hãng"",""breadcrumbLabel"":""Lashile Beauty"",""ogTitle"":""Lashile Beauty Chính Hãng | MF Paris"",""ogDescription"":""Lashilé Beauty là một thương hiệu chăm sóc sức khỏe và làm đẹp có nguồn gốc từ Pháp. Thương hiệu này chủ yếu chuyên về sản xuất các sản phẩm bổ sung dinh dưỡn"",""ogImage"":null,""twitterImage"":null,""robotsIndex"":""index"",""robotsFollow"":""follow"",""canonicalOverride"":null,""sitemapInclude"":true,""sitemapPriority"":0.7,""sitemapChangeFrequency"":""weekly"",""schemaType"":""CollectionPage"",""customJsonLd"":null}"
brands,970,Lanvin,lanvin,Lanvin Chính Hãng,"{""metaTitle"":""Nước hoa Lanvin chính hãng | MF Paris"",""metaDescription"":""Nước hoa Lanvin chính hãng tại MF Paris với Marry Me và Jeanne. So sánh phiên bản, nồng độ, dung tích và giá bán để chọn mùi phù hợp."",""focusKeyword"":""Lanvin chính hãng"",""breadcrumbLabel"":""Lanvin"",""ogTitle"":""Lanvin Chính Hãng | MF Paris"",""ogDescription"":""Jeanne-Marie Lanvin, một phụ nữ người Pháp, là người sáng lập thương hiệu Lanvin. Cô sinh ra vào năm 1867 ở Paris và đã có sự ảnh hưởng mạnh mẽ đối với thế gi"",""ogImage"":null,""twitterImage"":null,""robotsIndex"":""index"",""robotsFollow"":""follow"",""canonicalOverride"":null,""sitemapInclude"":true,""sitemapPriority"":0.7,""sitemapChangeFrequency"":""weekly"",""schemaType"":""CollectionPage"",""customJsonLd"":null}"
brands,969,Lancome,lancome,Lancome Chính Hãng,"{""metaTitle"":""Nước hoa và mỹ phẩm Lancôme chính hãng | MF Paris"",""metaDescription"":""Lancôme chính hãng tại MF Paris với nước hoa, son môi và sản phẩm chăm sóc da Lancôme. Xem thành phần, quy cách, cách dùng và giá bán để chọn sản phẩm phù hợp."",""focusKeyword"":""Lancome chính hãng"",""breadcrumbLabel"":""Lancome"",""ogTitle"":""Lancome Chính Hãng | MF Paris"",""ogDescription"":""Lancome là một thương hiệu mỹ phẩm cao cấp của Pháp, được thành lập vào năm 1935 bởi Armand Petitjean. Thương hiệu được ra đời với mục tiêu lan tỏa vẻ đẹp và "",""ogImage"":null,""twitterImage"":null,""robotsIndex"":""index"",""robotsFollow"":""follow"",""canonicalOverride"":null,""sitemapInclude"":true,""sitemapPriority"":0.7,""sitemapChangeFrequency"":""weekly"",""schemaType"":""CollectionPage"",""customJsonLd"":null}"
brands,968,Lalique,lalique,Lalique Chính Hãng,"{""metaTitle"":""Nước hoa Lalique chính hãng | MF Paris"",""metaDescription"":""Nước hoa Lalique chính hãng tại MF Paris với Encre Noire và Le Parfum. So sánh phiên bản, nồng độ, dung tích và giá bán để chọn mùi phù hợp."",""focusKeyword"":""Lalique chính hãng"",""breadcrumbLabel"":""Lalique"",""ogTitle"":""Lalique Chính Hãng | MF Paris"",""ogDescription"":""Cái tên Lalique gợi lên sự xuất sắc của đồ trang sức, độ trong suốt và sáng chói đáng kinh ngạc của những viên pha lê. Trước khi trở thành một thương hiệu, nó"",""ogImage"":null,""twitterImage"":null,""robotsIndex"":""index"",""robotsFollow"":""follow"",""canonicalOverride"":null,""sitemapInclude"":true,""sitemapPriority"":0.7,""sitemapChangeFrequency"":""weekly"",""schemaType"":""CollectionPage"",""customJsonLd"":null}"
brands,967,Lactobact Intima,lactobact-intima,Lactobact Intima Chính Hãng,"{""metaTitle"":""Men vi sinh nữ giới Lactobact Intima chính hãng | MF Paris"",""metaDescription"":""Lactobact Intima chính hãng tại MF Paris với men vi sinh Intima cho chăm sóc sức khỏe nữ giới. Xem thành phần, quy cách, cách dùng và giá bán."",""focusKeyword"":""Lactobact Intima chính hãng"",""breadcrumbLabel"":""Lactobact Intima"",""ogTitle"":""Lactobact Intima Chính Hãng | MF Paris"",""ogDescription"":""Khám phá sản phẩm Lactobact Intima chính hãng tại MF Paris. Xem thông tin, giá bán và lựa chọn sản phẩm phù hợp."",""ogImage"":null,""twitterImage"":null,""robotsIndex"":""index"",""robotsFollow"":""follow"",""canonicalOverride"":null,""sitemapInclude"":true,""sitemapPriority"":0.7,""sitemapChangeFrequency"":""weekly"",""schemaType"":""CollectionPage"",""customJsonLd"":null}"
brands,966,Lacoste,lacoste,Lacoste Chính Hãng,"{""metaTitle"":""Nước hoa Lacoste chính hãng | MF Paris"",""metaDescription"":""Nước hoa Lacoste chính hãng tại MF Paris với L.12.12 Blanc và Touch of Pink. So sánh phiên bản, nồng độ, dung tích và giá bán để chọn mùi phù hợp."",""focusKeyword"":""Lacoste chính hãng"",""breadcrumbLabel"":""Lacoste"",""ogTitle"":""Lacoste Chính Hãng | MF Paris"",""ogDescription"":""Câu chuyện bắt đầu với René Lacoste, một vận động viên quần vợt nổi tiếng người Pháp, vào những năm 1920. Ông được biết đến với biệt danh “Cá sấu” (The Crocod"",""ogImage"":null,""twitterImage"":null,""robotsIndex"":""index"",""robotsFollow"":""follow"",""canonicalOverride"":null,""sitemapInclude"":true,""sitemapPriority"":0.7,""sitemapChangeFrequency"":""weekly"",""schemaType"":""CollectionPage"",""customJsonLd"":null}"
brands,965,Laboratoires de Biarritz,laboratoires-de-biarritz,Laboratoires de Biarritz Chính Hãng,"{""metaTitle"":""Kem chống nắng Laboratoires de Biarritz | MF Paris"",""metaDescription"":""Laboratoires de Biarritz chính hãng tại MF Paris với kem và xịt chống nắng cho từng nhu cầu chăm sóc da. Xem thành phần, quy cách, cách dùng và giá bán."",""focusKeyword"":""Laboratoires de Biarritz chính hãng"",""breadcrumbLabel"":""Laboratoires de Biarritz"",""ogTitle"":""Laboratoires de Biarritz Chính Hãng | MF Paris"",""ogDescription"":""Mong muốn tạo ra kem chống nắng an toàn cho cuộc sống đại dương là tia sáng đã mang lại sự sống cho Laboratoires de Biarritz. Công ty được thành lập dựa trên "",""ogImage"":null,""twitterImage"":null,""robotsIndex"":""index"",""robotsFollow"":""follow"",""canonicalOverride"":null,""sitemapInclude"":true,""sitemapPriority"":0.7,""sitemapChangeFrequency"":""weekly"",""schemaType"":""CollectionPage"",""customJsonLd"":null}"
brands,963,Laboratoire Garancia,laboratoire-garancia,Laboratoire Garancia Chính Hãng,"{""metaTitle"":""Chăm sóc cơ thể Laboratoire Garancia chính hãng | MF Paris"",""metaDescription"":""Laboratoire Garancia chính hãng tại MF Paris với xịt Fée-Moi Fondre Boostée và chăm sóc da cơ thể. Xem thành phần, quy cách, cách dùng và giá bán."",""focusKeyword"":""Laboratoire Garancia chính hãng"",""breadcrumbLabel"":""Laboratoire Garancia"",""ogTitle"":""Laboratoire Garancia Chính Hãng | MF Paris"",""ogDescription"":""Khám phá sản phẩm Laboratoire Garancia chính hãng tại MF Paris. Xem thông tin, giá bán và lựa chọn sản phẩm phù hợp."",""ogImage"":null,""twitterImage"":null,""robotsIndex"":""index"",""robotsFollow"":""follow"",""canonicalOverride"":null,""sitemapInclude"":true,""sitemapPriority"":0.7,""sitemapChangeFrequency"":""weekly"",""schemaType"":""CollectionPage"",""customJsonLd"":null}"
brands,962,Labophyto,labophyto,Labophyto Chính Hãng,"{""metaTitle"":""Thực phẩm bổ sung Labophyto chính hãng | MF Paris"",""metaDescription"":""Labophyto chính hãng tại MF Paris với viên uống Top Bust và sản phẩm bổ sung cho nữ giới. Xem thành phần, quy cách, cách dùng và giá bán."",""focusKeyword"":""Labophyto chính hãng"",""breadcrumbLabel"":""Labophyto"",""ogTitle"":""Labophyto Chính Hãng | MF Paris"",""ogDescription"":""Khám phá sản phẩm Labophyto chính hãng tại MF Paris. Xem thông tin, giá bán và lựa chọn sản phẩm phù hợp."",""ogImage"":null,""twitterImage"":null,""robotsIndex"":""index"",""robotsFollow"":""follow"",""canonicalOverride"":null,""sitemapInclude"":true,""sitemapPriority"":0.7,""sitemapChangeFrequency"":""weekly"",""schemaType"":""CollectionPage"",""customJsonLd"":null}"
brands,961,La Roche Posay,la-roche-posay,La Roche Posay Chính Hãng,"{""metaTitle"":""Dược mỹ phẩm La Roche-Posay chính hãng | MF Paris"",""metaDescription"":""La Roche-Posay chính hãng tại MF Paris với Mela B3, Hyalu B5, Toleriane và các dòng chống nắng. Xem thành phần, quy cách, cách dùng và giá bán."",""focusKeyword"":""La Roche Posay chính hãng"",""breadcrumbLabel"":""La Roche Posay"",""ogTitle"":""La Roche Posay Chính Hãng | MF Paris"",""ogDescription"":""La Roche Posay là thương hiệu chăm sóc da da liễu với công thức sản xuất các sản phẩm đạt tiêu chuẩn an toàn và hiệu quả cao để đáp ứng các nhu cầu của làn da"",""ogImage"":null,""twitterImage"":null,""robotsIndex"":""index"",""robotsFollow"":""follow"",""canonicalOverride"":null,""sitemapInclude"":true,""sitemapPriority"":0.7,""sitemapChangeFrequency"":""weekly"",""schemaType"":""CollectionPage"",""customJsonLd"":null}"
brands,960,LA RIVE,la-rive,LA RIVE Chính Hãng,"{""metaTitle"":""Nước hoa LA RIVE chính hãng | MF Paris"",""metaDescription"":""Nước hoa LA RIVE chính hãng tại MF Paris với Destinée và I Am Ideal. So sánh phiên bản, nồng độ, dung tích và giá bán để chọn mùi phù hợp."",""focusKeyword"":""LA RIVE chính hãng"",""breadcrumbLabel"":""LA RIVE"",""ogTitle"":""LA RIVE Chính Hãng | MF Paris"",""ogDescription"":""Khám phá sản phẩm LA RIVE chính hãng tại MF Paris. Xem thông tin, giá bán và lựa chọn sản phẩm phù hợp."",""ogImage"":null,""twitterImage"":null,""robotsIndex"":""index"",""robotsFollow"":""follow"",""canonicalOverride"":null,""sitemapInclude"":true,""sitemapPriority"":0.7,""sitemapChangeFrequency"":""weekly"",""schemaType"":""CollectionPage"",""customJsonLd"":null}"
brands,959,l’Artisan Parfumeur,lartisan-parfumeur,l’Artisan Parfumeur Chính Hãng,"{""metaTitle"":""Nước hoa L’Artisan Parfumeur chính hãng | MF Paris"",""metaDescription"":""Nước hoa L’Artisan Parfumeur chính hãng tại MF Paris với Fables d'Orient. So sánh phiên bản, nồng độ, dung tích và giá bán để chọn mùi phù hợp."",""focusKeyword"":""l’Artisan Parfumeur chính hãng"",""breadcrumbLabel"":""l’Artisan Parfumeur"",""ogTitle"":""l’Artisan Parfumeur Chính Hãng | MF Paris"",""ogDescription"":""Thương hiệu L Oreal bắt đầu từ việc Ernest Louis Schueller, một nhà hóa học người Pháp, sáng tạo ra một loại thuốc nhuộm tóc mới vào năm 1907. Ông đặt tên cho"",""ogImage"":null,""twitterImage"":null,""robotsIndex"":""index"",""robotsFollow"":""follow"",""canonicalOverride"":null,""sitemapInclude"":true,""sitemapPriority"":0.7,""sitemapChangeFrequency"":""weekly"",""schemaType"":""CollectionPage"",""customJsonLd"":null}"
brands,958,L'Occitane,loccitane,L'Occitane Chính Hãng,"{""metaTitle"":""Chăm sóc da L’Occitane chính hãng | MF Paris"",""metaDescription"":""L’Occitane chính hãng tại MF Paris với kem dưỡng tay Shea Butter và sản phẩm chăm sóc da. Xem thành phần, quy cách, cách dùng và giá bán."",""focusKeyword"":""L'Occitane chính hãng"",""breadcrumbLabel"":""L'Occitane"",""ogTitle"":""L'Occitane Chính Hãng | MF Paris"",""ogDescription"":""Khám phá sản phẩm L'Occitane chính hãng tại MF Paris. Xem thông tin, giá bán và lựa chọn sản phẩm phù hợp."",""ogImage"":null,""twitterImage"":null,""robotsIndex"":""index"",""robotsFollow"":""follow"",""canonicalOverride"":null,""sitemapInclude"":true,""sitemapPriority"":0.7,""sitemapChangeFrequency"":""weekly"",""schemaType"":""CollectionPage"",""customJsonLd"":null}"
brands,957,L'Oreal Paris,l-oreal,L'Oreal Paris Chính Hãng,"{""metaTitle"":""Chăm sóc da L’Oréal Paris chính hãng | MF Paris"",""metaDescription"":""L’Oréal Paris chính hãng tại MF Paris với Collagen Expert, Revitalift và các sản phẩm dưỡng da. Xem thành phần, quy cách, cách dùng và giá bán."",""focusKeyword"":""L'Oreal Paris chính hãng"",""breadcrumbLabel"":""L'Oreal Paris"",""ogTitle"":""Mua mỹ phẩm L'Oreal Paris Chính Hãng Pháp "",""ogDescription"":""L&rsquo;Or&eacute;al Paris l&agrave; c&aacute;i t&ecirc;n đ&atilde; qu&aacute; quen thuộc trong thế giới l&agrave;m đẹp. Nhưng khi bước v&agrave;o ri&ecirc;ng"",""ogImage"":null,""twitterImage"":null,""robotsIndex"":""index"",""robotsFollow"":""follow"",""canonicalOverride"":null,""sitemapInclude"":true,""sitemapPriority"":0.7,""sitemapChangeFrequency"":""weekly"",""schemaType"":""CollectionPage"",""customJsonLd"":null}"
brands,956,Kira,kira,Kira Chính Hãng,"{""metaTitle"":""Nước hoa Kira chính hãng | MF Paris"",""metaDescription"":""Nước hoa Kira chính hãng tại MF Paris với Rice Milk và Matcha Latte. So sánh phiên bản, nồng độ, dung tích và giá bán để chọn mùi phù hợp."",""focusKeyword"":""Kira chính hãng"",""breadcrumbLabel"":""Kira"",""ogTitle"":""Kira Chính Hãng | MF Paris"",""ogDescription"":""Khám phá sản phẩm Kira chính hãng tại MF Paris. Xem thông tin, giá bán và lựa chọn sản phẩm phù hợp."",""ogImage"":null,""twitterImage"":null,""robotsIndex"":""index"",""robotsFollow"":""follow"",""canonicalOverride"":null,""sitemapInclude"":true,""sitemapPriority"":0.7,""sitemapChangeFrequency"":""weekly"",""schemaType"":""CollectionPage"",""customJsonLd"":null}"
brands,955,Kilian,kilian,Kilian Chính Hãng,"{""metaTitle"":""Nước hoa Kilian chính hãng | MF Paris"",""metaDescription"":""Nước hoa Kilian chính hãng tại MF Paris với Apple Brandy và Musk Oud. So sánh phiên bản, nồng độ, dung tích và giá bán để chọn mùi phù hợp."",""focusKeyword"":""Kilian chính hãng"",""breadcrumbLabel"":""Kilian"",""ogTitle"":""Kilian Chính Hãng | MF Paris"",""ogDescription"":""Nước hoa Kilian là một thương hiệu cao cấp, được mệnh danh là một trong những mùi hương xả xỉ trên thế giới. Được thành lập vào năm 2007 bởi Kilian Hennessy, "",""ogImage"":null,""twitterImage"":null,""robotsIndex"":""index"",""robotsFollow"":""follow"",""canonicalOverride"":null,""sitemapInclude"":true,""sitemapPriority"":0.7,""sitemapChangeFrequency"":""weekly"",""schemaType"":""CollectionPage"",""customJsonLd"":null}"
brands,954,Kenzo,kenzo,Kenzo Chính Hãng,"{""metaTitle"":""Nước hoa Kenzo chính hãng | MF Paris"",""metaDescription"":""Nước hoa Kenzo chính hãng tại MF Paris với Flower by Kenzo và Kenzo Homme. So sánh phiên bản, nồng độ, dung tích và giá bán để chọn mùi phù hợp."",""focusKeyword"":""Kenzo chính hãng"",""breadcrumbLabel"":""Kenzo"",""ogTitle"":""Kenzo Chính Hãng | MF Paris"",""ogDescription"":""Kenzo là một nhà mốt xa xỉ của Pháp được thành lập vào năm 1970 bởi nhà thiết kế Nhật Bản Kenzo Takada và thuộc sở hữu của công ty mẹ LVMH. Nếu nói đến sự tin"",""ogImage"":null,""twitterImage"":null,""robotsIndex"":""index"",""robotsFollow"":""follow"",""canonicalOverride"":null,""sitemapInclude"":true,""sitemapPriority"":0.7,""sitemapChangeFrequency"":""weekly"",""schemaType"":""CollectionPage"",""customJsonLd"":null}"
brands,953,Kayali Fragrances,kayali-fragrances,Kayali Fragrances Chính Hãng,"{""metaTitle"":""Nước hoa Kayali Fragrances chính hãng | MF Paris"",""metaDescription"":""Nước hoa Kayali Fragrances chính hãng tại MF Paris với Vanilla Royale và Musk 12. So sánh phiên bản, nồng độ, dung tích và giá bán để chọn mùi phù hợp."",""focusKeyword"":""Kayali Fragrances chính hãng"",""breadcrumbLabel"":""Kayali Fragrances"",""ogTitle"":""Kayali Fragrances Chính Hãng | MF Paris"",""ogDescription"":""Khám phá sản phẩm Kayali Fragrances chính hãng tại MF Paris. Xem thông tin, giá bán và lựa chọn sản phẩm phù hợp."",""ogImage"":null,""twitterImage"":null,""robotsIndex"":""index"",""robotsFollow"":""follow"",""canonicalOverride"":null,""sitemapInclude"":true,""sitemapPriority"":0.7,""sitemapChangeFrequency"":""weekly"",""schemaType"":""CollectionPage"",""customJsonLd"":null}"
brands,952,Katy Perry,katy-perry,Katy Perry Chính Hãng,"{""metaTitle"":""Nước hoa Katy Perry chính hãng | MF Paris"",""metaDescription"":""Nước hoa Katy Perry chính hãng tại MF Paris với Killer Queen. So sánh phiên bản, nồng độ, dung tích và giá bán để chọn mùi phù hợp."",""focusKeyword"":""Katy Perry chính hãng"",""breadcrumbLabel"":""Katy Perry"",""ogTitle"":""Katy Perry Chính Hãng | MF Paris"",""ogDescription"":""Khám phá sản phẩm Katy Perry chính hãng tại MF Paris. Xem thông tin, giá bán và lựa chọn sản phẩm phù hợp."",""ogImage"":null,""twitterImage"":null,""robotsIndex"":""index"",""robotsFollow"":""follow"",""canonicalOverride"":null,""sitemapInclude"":true,""sitemapPriority"":0.7,""sitemapChangeFrequency"":""weekly"",""schemaType"":""CollectionPage"",""customJsonLd"":null}"
brands,951,Juliette Has A Gun,juliette-has-a-gun,Juliette Has A Gun Chính Hãng,"{""metaTitle"":""Nước hoa Juliette Has A Gun chính hãng | MF Paris"",""metaDescription"":""Nước hoa Juliette Has A Gun chính hãng tại MF Paris với Not a Perfume. So sánh phiên bản, nồng độ, dung tích và giá bán để chọn mùi phù hợp."",""focusKeyword"":""Juliette Has A Gun chính hãng"",""breadcrumbLabel"":""Juliette Has A Gun"",""ogTitle"":""Juliette Has A Gun Chính Hãng | MF Paris"",""ogDescription"":""Juliette Has A Gun được thành lập bởi Romano Ricci, người có một nguồn gốc trong gia đình nổi tiếng về nghệ thuật làm nước hoa – họ Ricci, tên sau lưng thương"",""ogImage"":null,""twitterImage"":null,""robotsIndex"":""index"",""robotsFollow"":""follow"",""canonicalOverride"":null,""sitemapInclude"":true,""sitemapPriority"":0.7,""sitemapChangeFrequency"":""weekly"",""schemaType"":""CollectionPage"",""customJsonLd"":null}"
brands,950,Juicy Couture,juicy-couture,Juicy Couture Chính Hãng,"{""metaTitle"":""Nước hoa Juicy Couture chính hãng | MF Paris"",""metaDescription"":""Nước hoa Juicy Couture chính hãng tại MF Paris với Viva La Juicy. So sánh phiên bản, nồng độ, dung tích và giá bán để chọn mùi phù hợp."",""focusKeyword"":""Juicy Couture chính hãng"",""breadcrumbLabel"":""Juicy Couture"",""ogTitle"":""Juicy Couture Chính Hãng | MF Paris"",""ogDescription"":""Juicy Couture không đơn thuần là một cái tên, mà là một thế giới thu nhỏ của những giấc mơ lấp lánh, nơi mỗi giọt hương là một “tinh thể” nhỏ bé, mang trong m"",""ogImage"":null,""twitterImage"":null,""robotsIndex"":""index"",""robotsFollow"":""follow"",""canonicalOverride"":null,""sitemapInclude"":true,""sitemapPriority"":0.7,""sitemapChangeFrequency"":""weekly"",""schemaType"":""CollectionPage"",""customJsonLd"":null}"
brands,949,Jolly Jatel,jolly-jatel,Jolly Jatel Chính Hãng,"{""metaTitle"":""Chăm sóc mũi Jolly Jatel chính hãng | MF Paris"",""metaDescription"":""Jolly Jatel chính hãng tại MF Paris với dung dịch nhỏ mũi Rhinotrophyl 12ml. Xem thành phần, quy cách, cách dùng và giá bán để chọn sản phẩm phù hợp."",""focusKeyword"":""Jolly Jatel chính hãng"",""breadcrumbLabel"":""Jolly Jatel"",""ogTitle"":""Jolly Jatel Chính Hãng | MF Paris"",""ogDescription"":""Khám phá sản phẩm Jolly Jatel chính hãng tại MF Paris. Xem thông tin, giá bán và lựa chọn sản phẩm phù hợp."",""ogImage"":null,""twitterImage"":null,""robotsIndex"":""index"",""robotsFollow"":""follow"",""canonicalOverride"":null,""sitemapInclude"":true,""sitemapPriority"":0.7,""sitemapChangeFrequency"":""weekly"",""schemaType"":""CollectionPage"",""customJsonLd"":null}"
brands,948,Jo Malone London,jo-malone-london,Jo Malone London Chính Hãng,"{""metaTitle"":""Nước hoa Jo Malone London chính hãng | MF Paris"",""metaDescription"":""Nước hoa Jo Malone London chính hãng tại MF Paris với Wood Sage & Sea Salt và Basil & Neroli. Xem phiên bản, dung tích và giá bán để chọn mùi phù hợp."",""focusKeyword"":""Jo Malone London chính hãng"",""breadcrumbLabel"":""Jo Malone London"",""ogTitle"":""Jo Malone London Chính Hãng | MF Paris"",""ogDescription"":""Thương hiệu Jo Malone London là một trong những thương hiệu nước hoa và sản phẩm chăm sóc da nổi tiếng trên thế giới, với nguồn gốc từ Anh Quốc. Câu chuyện th"",""ogImage"":null,""twitterImage"":null,""robotsIndex"":""index"",""robotsFollow"":""follow"",""canonicalOverride"":null,""sitemapInclude"":true,""sitemapPriority"":0.7,""sitemapChangeFrequency"":""weekly"",""schemaType"":""CollectionPage"",""customJsonLd"":null}"
brands,947,Jimmy Choo,jimmy-choo,Jimmy Choo Chính Hãng,"{""metaTitle"":""Nước hoa Jimmy Choo chính hãng | MF Paris"",""metaDescription"":""Nước hoa Jimmy Choo chính hãng tại MF Paris với I Want Choo và Man. So sánh phiên bản, nồng độ, dung tích và giá bán để chọn mùi phù hợp."",""focusKeyword"":""Jimmy Choo chính hãng"",""breadcrumbLabel"":""Jimmy Choo"",""ogTitle"":""Jimmy Choo Chính Hãng | MF Paris"",""ogDescription"":""Jimmy Choo. Chỉ cần nghe tên thôi, ta đã mường tượng đến những đôi giày gót nhọn quyền lực, những thiết kế lộng lẫy trên thảm đỏ. Nhưng đừng dừng lại ở đó, th"",""ogImage"":null,""twitterImage"":null,""robotsIndex"":""index"",""robotsFollow"":""follow"",""canonicalOverride"":null,""sitemapInclude"":true,""sitemapPriority"":0.7,""sitemapChangeFrequency"":""weekly"",""schemaType"":""CollectionPage"",""customJsonLd"":null}"
brands,946,Jeroboam Paris,jeroboam-paris,Jeroboam Paris Chính Hãng,"{""metaTitle"":""Nước hoa Jeroboam Paris chính hãng | MF Paris"",""metaDescription"":""Nước hoa Jeroboam Paris chính hãng tại MF Paris với Origino và Oriento. So sánh phiên bản, nồng độ, dung tích và giá bán để chọn mùi phù hợp."",""focusKeyword"":""Jeroboam Paris chính hãng"",""breadcrumbLabel"":""Jeroboam Paris"",""ogTitle"":""Jeroboam Paris Chính Hãng | MF Paris"",""ogDescription"":""Jeroboam Paris được thành lập vào năm 2016 bởi François Hénin, một nhà sáng lập và nhà tạo mẫu người Pháp. Thương hiệu lấy cảm hứng từ những chuyến đi của Hén"",""ogImage"":null,""twitterImage"":null,""robotsIndex"":""index"",""robotsFollow"":""follow"",""canonicalOverride"":null,""sitemapInclude"":true,""sitemapPriority"":0.7,""sitemapChangeFrequency"":""weekly"",""schemaType"":""CollectionPage"",""customJsonLd"":null}"
brands,945,Jeanne Arthes Paris,jeanne-arthes-paris,Jeanne Arthes Paris Chính Hãng,"{""metaTitle"":""Nước hoa Jeanne Arthes Paris chính hãng | MF Paris"",""metaDescription"":""Nước hoa Jeanne Arthes Paris chính hãng tại MF Paris với Amore Mio. So sánh phiên bản, nồng độ, dung tích và giá bán để chọn mùi phù hợp."",""focusKeyword"":""Jeanne Arthes Paris chính hãng"",""breadcrumbLabel"":""Jeanne Arthes Paris"",""ogTitle"":""Jeanne Arthes Paris Chính Hãng | MF Paris"",""ogDescription"":""Jeanne Arthes Paris là một thương hiệu nước hoa cao cấp của Pháp được thành lập vào năm 1978 bởi Jeanne Arthes. Thương hiệu đã nhanh chóng trở nên nổi tiếng v"",""ogImage"":null,""twitterImage"":null,""robotsIndex"":""index"",""robotsFollow"":""follow"",""canonicalOverride"":null,""sitemapInclude"":true,""sitemapPriority"":0.7,""sitemapChangeFrequency"":""weekly"",""schemaType"":""CollectionPage"",""customJsonLd"":null}"
brands,944,Jaldes,jaldes,Jaldes Chính Hãng,"{""metaTitle"":""Thực phẩm bổ sung Jaldes | MF Paris"",""metaDescription"":""Tìm hiểu các sản phẩm bổ sung Jaldes tại MF Paris. Tham khảo thành phần, dạng dùng, quy cách và hướng dẫn sử dụng để lựa chọn theo nhu cầu."",""focusKeyword"":""Jaldes chính hãng"",""breadcrumbLabel"":""Jaldes"",""ogTitle"":""Jaldes Chính Hãng | MF Paris"",""ogDescription"":""phòng thí nghiệm Jaldes ra đời vào năm 1991, tại trung tâm của Ardèche,. Những người sáng lập, đam mê thực vật, dầu thực vật và axit béo, bị thuyết phục về lợ"",""ogImage"":null,""twitterImage"":null,""robotsIndex"":""index"",""robotsFollow"":""follow"",""canonicalOverride"":null,""sitemapInclude"":true,""sitemapPriority"":0.7,""sitemapChangeFrequency"":""weekly"",""schemaType"":""CollectionPage"",""customJsonLd"":null}"
brands,943,Issey Miyake,issey-miyake,Issey Miyake Chính Hãng,"{""metaTitle"":""Nước hoa Issey Miyake chính hãng | MF Paris"",""metaDescription"":""Nước hoa Issey Miyake chính hãng tại MF Paris với L'Eau d'Issey Pour Homme. So sánh phiên bản, nồng độ, dung tích và giá bán để chọn mùi phù hợp."",""focusKeyword"":""Issey Miyake chính hãng"",""breadcrumbLabel"":""Issey Miyake"",""ogTitle"":""Issey Miyake Chính Hãng | MF Paris"",""ogDescription"":""Issey Miyake là một thương hiệu thời trang cao cấp của Nhật Bản được thành lập vào năm 1970 bởi nhà thiết kế Issey Miyake. Thương hiệu nổi tiếng với các thiết"",""ogImage"":null,""twitterImage"":null,""robotsIndex"":""index"",""robotsFollow"":""follow"",""canonicalOverride"":null,""sitemapInclude"":true,""sitemapPriority"":0.7,""sitemapChangeFrequency"":""weekly"",""schemaType"":""CollectionPage"",""customJsonLd"":null}"
brands,942,ISDIN,isdin,ISDIN Chính Hãng,"{""metaTitle"":""Dược mỹ phẩm ISDIN chính hãng | MF Paris"",""metaDescription"":""ISDIN chính hãng tại MF Paris với Fusion Water, Fotoultra và các sản phẩm chống nắng. Xem thành phần, quy cách, cách dùng và giá bán để chọn sản phẩm phù hợp."",""focusKeyword"":""ISDIN chính hãng"",""breadcrumbLabel"":""ISDIN"",""ogTitle"":""ISDIN Chính Hãng | MF Paris"",""ogDescription"":""DIN là thương hiệu chăm sóc da đến từ Tây Ban Nha, nổi bật với các giải pháp chống nắng, dưỡng ẩm và hỗ trợ cải thiện những dấu hiệu da bị ảnh hưởng bởi ánh n"",""ogImage"":null,""twitterImage"":null,""robotsIndex"":""index"",""robotsFollow"":""follow"",""canonicalOverride"":null,""sitemapInclude"":true,""sitemapPriority"":0.7,""sitemapChangeFrequency"":""weekly"",""schemaType"":""CollectionPage"",""customJsonLd"":null}"
brands,941,IPRAD,iprad,IPRAD Chính Hãng,"{""metaTitle"":""Chăm sóc sức khỏe nữ giới IPRAD chính hãng | MF Paris"",""metaDescription"":""IPRAD chính hãng tại MF Paris với Gestarelle và sản phẩm bổ sung cho nữ giới. Xem thành phần, quy cách, cách dùng và giá bán để chọn sản phẩm phù hợp."",""focusKeyword"":""IPRAD chính hãng"",""breadcrumbLabel"":""IPRAD"",""ogTitle"":""IPRAD Chính Hãng | MF Paris"",""ogDescription"":""Laboratoires IPRAD là một công ty gia đình được thành lập vào năm 1989 với sản phẩm đầu tiên của Laboratoires IPRAD là Saforel Mild Cleanser. Sau hơn 30 năm h"",""ogImage"":null,""twitterImage"":null,""robotsIndex"":""index"",""robotsFollow"":""follow"",""canonicalOverride"":null,""sitemapInclude"":true,""sitemapPriority"":0.7,""sitemapChangeFrequency"":""weekly"",""schemaType"":""CollectionPage"",""customJsonLd"":null}"
brands,940,Intima Paris,intima-paris,Intima Paris Chính Hãng,"{""metaTitle"":""Cốc nguyệt san Intima Paris chính hãng | MF Paris"",""metaDescription"":""Cốc nguyệt san Intima Paris Intima Cup chính hãng tại MF Paris. Xem chất liệu, kích cỡ, hướng dẫn sử dụng và vệ sinh để chọn sản phẩm phù hợp."",""focusKeyword"":""Intima Paris chính hãng"",""breadcrumbLabel"":""Intima Paris"",""ogTitle"":""Intima Paris Chính Hãng | MF Paris"",""ogDescription"":""Khám phá sản phẩm Intima Paris chính hãng tại MF Paris. Xem thông tin, giá bán và lựa chọn sản phẩm phù hợp."",""ogImage"":null,""twitterImage"":null,""robotsIndex"":""index"",""robotsFollow"":""follow"",""canonicalOverride"":null,""sitemapInclude"":true,""sitemapPriority"":0.7,""sitemapChangeFrequency"":""weekly"",""schemaType"":""CollectionPage"",""customJsonLd"":null}"
brands,939,Institut Esthederm,institut-esthederm,Institut Esthederm Chính Hãng,"{""metaTitle"":""Chăm sóc da Institut Esthederm chính hãng | MF Paris"",""metaDescription"":""Institut Esthederm chính hãng tại MF Paris với kem dưỡng Photo Reverse và sản phẩm dưỡng da. Xem thành phần, quy cách, cách dùng và giá bán."",""focusKeyword"":""Institut Esthederm chính hãng"",""breadcrumbLabel"":""Institut Esthederm"",""ogTitle"":""Institut Esthederm Chính Hãng | MF Paris"",""ogDescription"":""Khám phá sản phẩm Institut Esthederm chính hãng tại MF Paris. Xem thông tin, giá bán và lựa chọn sản phẩm phù hợp."",""ogImage"":null,""twitterImage"":null,""robotsIndex"":""index"",""robotsFollow"":""follow"",""canonicalOverride"":null,""sitemapInclude"":true,""sitemapPriority"":0.7,""sitemapChangeFrequency"":""weekly"",""schemaType"":""CollectionPage"",""customJsonLd"":null}"
brands,938,Innovit,innovit,Innovit Chính Hãng,"{""metaTitle"":""Vitamin và khoáng chất Innovit | MF Paris"",""metaDescription"":""Tìm hiểu vitamin và khoáng chất Innovit tại MF Paris. Tham khảo thành phần, hàm lượng, dạng dùng và hướng dẫn sử dụng để chọn theo nhu cầu bổ sung."",""focusKeyword"":""Innovit chính hãng"",""breadcrumbLabel"":""Innovit"",""ogTitle"":""Innovit Chính Hãng | MF Paris"",""ogDescription"":""Kể từ khi thành lập, Innovit đã giải quyết các vấn đề về quản lý dữ liệu chủ và trao đổi dữ liệu chủ cho các tổ chức toàn cầu, với trọng tâm là ngành Khoa học"",""ogImage"":null,""twitterImage"":null,""robotsIndex"":""index"",""robotsFollow"":""follow"",""canonicalOverride"":null,""sitemapInclude"":true,""sitemapPriority"":0.7,""sitemapChangeFrequency"":""weekly"",""schemaType"":""CollectionPage"",""customJsonLd"":null}"
brands,937,Initio Parfums Prives,initio-parfums-prives,Initio Parfums Prives Chính Hãng,"{""metaTitle"":""Nước hoa Initio Parfums Prives chính hãng | MF Paris"",""metaDescription"":""Nước hoa Initio Parfums Prives chính hãng tại MF Paris với Musk Therapy và Oud for Greatness. Xem phiên bản, dung tích và giá bán để chọn mùi phù hợp."",""focusKeyword"":""Initio Parfums Prives chính hãng"",""breadcrumbLabel"":""Initio Parfums Prives"",""ogTitle"":""Initio Parfums Prives Chính Hãng | MF Paris"",""ogDescription"":""Khám phá sản phẩm Initio Parfums Prives chính hãng tại MF Paris. Xem thông tin, giá bán và lựa chọn sản phẩm phù hợp."",""ogImage"":null,""twitterImage"":null,""robotsIndex"":""index"",""robotsFollow"":""follow"",""canonicalOverride"":null,""sitemapInclude"":true,""sitemapPriority"":0.7,""sitemapChangeFrequency"":""weekly"",""schemaType"":""CollectionPage"",""customJsonLd"":null}"
brands,936,Ialuset,ialuset,Ialuset Chính Hãng,"{""metaTitle"":""Chăm sóc da Ialuset chính hãng | MF Paris"",""metaDescription"":""Ialuset chính hãng tại MF Paris với kem chứa axit hyaluronic và chăm sóc da. Xem thành phần, quy cách, cách dùng và giá bán để chọn sản phẩm phù hợp."",""focusKeyword"":""Ialuset chính hãng"",""breadcrumbLabel"":""Ialuset"",""ogTitle"":""Ialuset Chính Hãng | MF Paris"",""ogDescription"":""Khám phá sản phẩm Ialuset chính hãng tại MF Paris. Xem thông tin, giá bán và lựa chọn sản phẩm phù hợp."",""ogImage"":null,""twitterImage"":null,""robotsIndex"":""index"",""robotsFollow"":""follow"",""canonicalOverride"":null,""sitemapInclude"":true,""sitemapPriority"":0.7,""sitemapChangeFrequency"":""weekly"",""schemaType"":""CollectionPage"",""customJsonLd"":null}"
brands,935,Hugo Boss,hugo-boss,Hugo Boss Chính Hãng,"{""metaTitle"":""Nước hoa Hugo Boss chính hãng | MF Paris"",""metaDescription"":""Nước hoa Hugo Boss chính hãng tại MF Paris với Boss Bottled và Hugo. So sánh phiên bản, nồng độ, dung tích và giá bán để chọn mùi phù hợp."",""focusKeyword"":""Hugo Boss chính hãng"",""breadcrumbLabel"":""Hugo Boss"",""ogTitle"":""Hugo Boss Chính Hãng | MF Paris"",""ogDescription"":""Nước hoa Hugo Boss luôn chăm chút trong từng chi tiết để mang đến sản phẩm hoàn hảo nhất. Thương hiệu đại diện cho chất lượng Đức, mà còn gây dựng được sự kết"",""ogImage"":null,""twitterImage"":null,""robotsIndex"":""index"",""robotsFollow"":""follow"",""canonicalOverride"":null,""sitemapInclude"":true,""sitemapPriority"":0.7,""sitemapChangeFrequency"":""weekly"",""schemaType"":""CollectionPage"",""customJsonLd"":null}"
brands,934,Hermes,hermes,Hermes Chính Hãng,"{""metaTitle"":""Nước hoa Hermès chính hãng | MF Paris"",""metaDescription"":""Nước hoa Hermès chính hãng tại MF Paris với Terre d'Hermès, H24 và Barénia. So sánh phiên bản, nồng độ, dung tích và giá bán để chọn mùi phù hợp."",""focusKeyword"":""Hermes chính hãng"",""breadcrumbLabel"":""Hermes"",""ogTitle"":""Hermes Chính Hãng | MF Paris"",""ogDescription"":""Được thành lập bởi Thierry Hermès vào năm 1837, thương hiệu Hermes đã là một doanh nghiệp gia đình trong 5 thế hệ. Với bề dày lịch sử và di sản, hãng thời tra"",""ogImage"":null,""twitterImage"":null,""robotsIndex"":""index"",""robotsFollow"":""follow"",""canonicalOverride"":null,""sitemapInclude"":true,""sitemapPriority"":0.7,""sitemapChangeFrequency"":""weekly"",""schemaType"":""CollectionPage"",""customJsonLd"":null}"
brands,933,Guy Laroche,guy-laroche,Guy Laroche Chính Hãng,"{""metaTitle"":""Nước hoa Guy Laroche chính hãng | MF Paris"",""metaDescription"":""Nước hoa Guy Laroche chính hãng tại MF Paris với Drakkar Noir. So sánh phiên bản, nồng độ, dung tích và giá bán để chọn mùi phù hợp."",""focusKeyword"":""Guy Laroche chính hãng"",""breadcrumbLabel"":""Guy Laroche"",""ogTitle"":""Guy Laroche Chính Hãng | MF Paris"",""ogDescription"":""Khám phá sản phẩm Guy Laroche chính hãng tại MF Paris. Xem thông tin, giá bán và lựa chọn sản phẩm phù hợp."",""ogImage"":null,""twitterImage"":null,""robotsIndex"":""index"",""robotsFollow"":""follow"",""canonicalOverride"":null,""sitemapInclude"":true,""sitemapPriority"":0.7,""sitemapChangeFrequency"":""weekly"",""schemaType"":""CollectionPage"",""customJsonLd"":null}"
brands,932,Guess,guess,Guess Chính Hãng,"{""metaTitle"":""Nước hoa Guess chính hãng | MF Paris"",""metaDescription"":""Nước hoa Guess chính hãng tại MF Paris với Bella Vita và Guess Man. So sánh phiên bản, nồng độ, dung tích và giá bán để chọn mùi phù hợp."",""focusKeyword"":""Guess chính hãng"",""breadcrumbLabel"":""Guess"",""ogTitle"":""Guess Chính Hãng | MF Paris"",""ogDescription"":""Guess của Mỹ được biết đến nhiều nhất với quần áo chất lượng cao và cách tiếp thị sáng tạo, nhưng cũng đóng vai trò quan trọng trong việc thiết lập xu hướng. "",""ogImage"":null,""twitterImage"":null,""robotsIndex"":""index"",""robotsFollow"":""follow"",""canonicalOverride"":null,""sitemapInclude"":true,""sitemapPriority"":0.7,""sitemapChangeFrequency"":""weekly"",""schemaType"":""CollectionPage"",""customJsonLd"":null}"
brands,931,Guerlain,guerlain,Guerlain Chính Hãng,"{""metaTitle"":""Nước hoa Guerlain chính hãng | MF Paris"",""metaDescription"":""Nước hoa Guerlain chính hãng tại MF Paris với Aqua Allegoria và L'Instant. So sánh phiên bản, nồng độ, dung tích và giá bán để chọn mùi phù hợp."",""focusKeyword"":""Guerlain chính hãng"",""breadcrumbLabel"":""Guerlain"",""ogTitle"":""Guerlain Chính Hãng | MF Paris"",""ogDescription"":""Bạn đang tìm kiếm một loại nước hoa không chỉ thơm mà còn thể hiện đẳng cấp và gu thẩm mỹ tinh tế? Bạn muốn khám phá những câu chuyện bí ẩn đằng sau một thươn"",""ogImage"":null,""twitterImage"":null,""robotsIndex"":""index"",""robotsFollow"":""follow"",""canonicalOverride"":null,""sitemapInclude"":true,""sitemapPriority"":0.7,""sitemapChangeFrequency"":""weekly"",""schemaType"":""CollectionPage"",""customJsonLd"":null}"
brands,930,Gris Montaigne Paris,gris-montaigne-paris,Gris Montaigne Paris Chính Hãng,"{""metaTitle"":""Nước hoa Gris Montaigne Paris chính hãng | MF Paris"",""metaDescription"":""Nước hoa Gris Montaigne Paris chính hãng tại MF Paris với Black Empire và Rouge Absolu. So sánh phiên bản, nồng độ, dung tích và giá bán để chọn mùi phù hợp."",""focusKeyword"":""Gris Montaigne Paris chính hãng"",""breadcrumbLabel"":""Gris Montaigne Paris"",""ogTitle"":""Gris Montaigne Paris Chính Hãng | MF Paris"",""ogDescription"":""Khám phá sản phẩm Gris Montaigne Paris chính hãng tại MF Paris. Xem thông tin, giá bán và lựa chọn sản phẩm phù hợp."",""ogImage"":null,""twitterImage"":null,""robotsIndex"":""index"",""robotsFollow"":""follow"",""canonicalOverride"":null,""sitemapInclude"":true,""sitemapPriority"":0.7,""sitemapChangeFrequency"":""weekly"",""schemaType"":""CollectionPage"",""customJsonLd"":null}"
brands,929,Granions,granions,Granions Chính Hãng,"{""metaTitle"":""Thực phẩm bổ sung Granions chính hãng | MF Paris"",""metaDescription"":""Granions chính hãng tại MF Paris với collagen, tỏi đen và các dòng sản phẩm Chondrosteo. Xem thành phần, quy cách, cách dùng và giá bán."",""focusKeyword"":""Granions chính hãng"",""breadcrumbLabel"":""Granions"",""ogTitle"":""Granions Chính Hãng | MF Paris"",""ogDescription"":""Là thương hiệu chyên phân phối thực phẩm chức năng, thiết bị y tế và mỹ phẩm. Chuyên môn GRANIONS có thể được tìm thấy trong 3 phạm vi riêng biệt: Dòng sản ph"",""ogImage"":null,""twitterImage"":null,""robotsIndex"":""index"",""robotsFollow"":""follow"",""canonicalOverride"":null,""sitemapInclude"":true,""sitemapPriority"":0.7,""sitemapChangeFrequency"":""weekly"",""schemaType"":""CollectionPage"",""customJsonLd"":null}"
brands,928,Glossier,glossier,Glossier Chính Hãng,"{""metaTitle"":""Nước hoa Glossier chính hãng | MF Paris"",""metaDescription"":""Nước hoa Glossier chính hãng tại MF Paris với You. So sánh phiên bản, nồng độ, dung tích và giá bán để chọn mùi phù hợp."",""focusKeyword"":""Glossier chính hãng"",""breadcrumbLabel"":""Glossier"",""ogTitle"":""Glossier Chính Hãng | MF Paris"",""ogDescription"":""Khám phá sản phẩm Glossier chính hãng tại MF Paris. Xem thông tin, giá bán và lựa chọn sản phẩm phù hợp."",""ogImage"":null,""twitterImage"":null,""robotsIndex"":""index"",""robotsFollow"":""follow"",""canonicalOverride"":null,""sitemapInclude"":true,""sitemapPriority"":0.7,""sitemapChangeFrequency"":""weekly"",""schemaType"":""CollectionPage"",""customJsonLd"":null}"
brands,927,Givenchy,givenchy,Givenchy Chính Hãng,"{""metaTitle"":""Nước hoa Givenchy chính hãng | MF Paris"",""metaDescription"":""Nước hoa Givenchy chính hãng tại MF Paris với L'Interdit và Gentleman. So sánh phiên bản, nồng độ, dung tích và giá bán để chọn mùi phù hợp."",""focusKeyword"":""Givenchy chính hãng"",""breadcrumbLabel"":""Givenchy"",""ogTitle"":""Givenchy Chính Hãng | MF Paris"",""ogDescription"":""Givenchy – biểu tượng của sự tinh tế và đẳng cấp vượt thời gian, là thương hiệu đã chinh phục trái tim hàng triệu tín đồ thời trang và làm đẹp trên toàn thế g"",""ogImage"":null,""twitterImage"":null,""robotsIndex"":""index"",""robotsFollow"":""follow"",""canonicalOverride"":null,""sitemapInclude"":true,""sitemapPriority"":0.7,""sitemapChangeFrequency"":""weekly"",""schemaType"":""CollectionPage"",""customJsonLd"":null}"
brands,926,Giorgio Armani,giorgio-armani,Giorgio Armani Chính Hãng,"{""metaTitle"":""Nước hoa Giorgio Armani chính hãng | MF Paris"",""metaDescription"":""Nước hoa Giorgio Armani chính hãng tại MF Paris với Acqua di Giò, My Way và Stronger With You. Xem phiên bản, dung tích và giá bán để chọn mùi phù hợp."",""focusKeyword"":""Giorgio Armani chính hãng"",""breadcrumbLabel"":""Giorgio Armani"",""ogTitle"":""Giorgio Armani Chính Hãng | MF Paris"",""ogDescription"":""Giorgio Armani là một biểu tượng trong thế giới thời trang và nước hoa, với di sản và tầm ảnh hưởng không thể phủ nhận. Ông đã xây dựng một đế chế, mang đến c"",""ogImage"":null,""twitterImage"":null,""robotsIndex"":""index"",""robotsFollow"":""follow"",""canonicalOverride"":null,""sitemapInclude"":true,""sitemapPriority"":0.7,""sitemapChangeFrequency"":""weekly"",""schemaType"":""CollectionPage"",""customJsonLd"":null}"
brands,925,Giardini Di Toscana,giardini-di-toscana,Giardini Di Toscana Chính Hãng,"{""metaTitle"":""Nước hoa Giardini Di Toscana chính hãng | MF Paris"",""metaDescription"":""Nước hoa Giardini Di Toscana chính hãng tại MF Paris với Bianco Latte. So sánh phiên bản, nồng độ, dung tích và giá bán để chọn mùi phù hợp."",""focusKeyword"":""Giardini Di Toscana chính hãng"",""breadcrumbLabel"":""Giardini Di Toscana"",""ogTitle"":""Giardini Di Toscana Chính Hãng | MF Paris"",""ogDescription"":""Khám phá sản phẩm Giardini Di Toscana chính hãng tại MF Paris. Xem thông tin, giá bán và lựa chọn sản phẩm phù hợp."",""ogImage"":null,""twitterImage"":null,""robotsIndex"":""index"",""robotsFollow"":""follow"",""canonicalOverride"":null,""sitemapInclude"":true,""sitemapPriority"":0.7,""sitemapChangeFrequency"":""weekly"",""schemaType"":""CollectionPage"",""customJsonLd"":null}"
brands,924,Garnier,garnier,Garnier Chính Hãng,"{""metaTitle"":""Chăm sóc da Garnier chính hãng | MF Paris"",""metaDescription"":""Garnier chính hãng tại MF Paris với Pure Active, kem BB và sản phẩm chống nắng. Xem thành phần, quy cách, cách dùng và giá bán để chọn sản phẩm phù hợp."",""focusKeyword"":""Garnier chính hãng"",""breadcrumbLabel"":""Garnier"",""ogTitle"":""Garnier Chính Hãng | MF Paris"",""ogDescription"":""Từ năm 1904, Garnier đã là một chuyên gia về tóc và da. Pha trộn các thành phần có nguồn gốc và được truyền cảm hứng tự nhiên thành các công thức đột phá, mục"",""ogImage"":null,""twitterImage"":null,""robotsIndex"":""index"",""robotsFollow"":""follow"",""canonicalOverride"":null,""sitemapInclude"":true,""sitemapPriority"":0.7,""sitemapChangeFrequency"":""weekly"",""schemaType"":""CollectionPage"",""customJsonLd"":null}"
brands,923,Galderma,galderma,Galderma Chính Hãng,"{""metaTitle"":""Chống nắng Galderma chính hãng | MF Paris"",""metaDescription"":""Galderma chính hãng tại MF Paris với kem chống nắng Actinica Lotion SPF 50. Xem thành phần, quy cách, cách dùng và giá bán để chọn sản phẩm phù hợp."",""focusKeyword"":""Galderma chính hãng"",""breadcrumbLabel"":""Galderma"",""ogTitle"":""Galderma Chính Hãng | MF Paris"",""ogDescription"":""Khám phá sản phẩm Galderma chính hãng tại MF Paris. Xem thông tin, giá bán và lựa chọn sản phẩm phù hợp."",""ogImage"":null,""twitterImage"":null,""robotsIndex"":""index"",""robotsFollow"":""follow"",""canonicalOverride"":null,""sitemapInclude"":true,""sitemapPriority"":0.7,""sitemapChangeFrequency"":""weekly"",""schemaType"":""CollectionPage"",""customJsonLd"":null}"
brands,922,G Bellini,g-bellini,G Bellini Chính Hãng,"{""metaTitle"":""Nước hoa G Bellini chính hãng | MF Paris"",""metaDescription"":""Nước hoa G Bellini chính hãng tại MF Paris với Homme và Deep. So sánh phiên bản, nồng độ, dung tích và giá bán để chọn mùi phù hợp."",""focusKeyword"":""G Bellini chính hãng"",""breadcrumbLabel"":""G Bellini"",""ogTitle"":""G Bellini Chính Hãng | MF Paris"",""ogDescription"":""Khám phá sản phẩm G Bellini chính hãng tại MF Paris. Xem thông tin, giá bán và lựa chọn sản phẩm phù hợp."",""ogImage"":null,""twitterImage"":null,""robotsIndex"":""index"",""robotsFollow"":""follow"",""canonicalOverride"":null,""sitemapInclude"":true,""sitemapPriority"":0.7,""sitemapChangeFrequency"":""weekly"",""schemaType"":""CollectionPage"",""customJsonLd"":null}"
brands,921,French Avenue,french-avenue,French Avenue Chính Hãng,"{""metaTitle"":""Nước hoa French Avenue chính hãng | MF Paris"",""metaDescription"":""Nước hoa French Avenue chính hãng tại MF Paris với Cancer, Capricorn và Scorpio. So sánh phiên bản, nồng độ, dung tích và giá bán để chọn mùi phù hợp."",""focusKeyword"":""French Avenue chính hãng"",""breadcrumbLabel"":""French Avenue"",""ogTitle"":""French Avenue Chính Hãng | MF Paris"",""ogDescription"":""Khám phá sản phẩm French Avenue chính hãng tại MF Paris. Xem thông tin, giá bán và lựa chọn sản phẩm phù hợp."",""ogImage"":null,""twitterImage"":null,""robotsIndex"":""index"",""robotsFollow"":""follow"",""canonicalOverride"":null,""sitemapInclude"":true,""sitemapPriority"":0.7,""sitemapChangeFrequency"":""weekly"",""schemaType"":""CollectionPage"",""customJsonLd"":null}"
brands,920,Frederic Malle,frederic-malle,Frederic Malle Chính Hãng,"{""metaTitle"":""Nước hoa Frédéric Malle chính hãng | MF Paris"",""metaDescription"":""Nước hoa Frédéric Malle chính hãng tại MF Paris với French Lover và Le Parfum de Thérèse. So sánh phiên bản, nồng độ, dung tích và giá bán để chọn mùi phù hợp."",""focusKeyword"":""Frederic Malle chính hãng"",""breadcrumbLabel"":""Frederic Malle"",""ogTitle"":""Frederic Malle Chính Hãng | MF Paris"",""ogDescription"":""Thương Hiệu Nước Hoa Frederic Malle được thành lập bởi Frédéric Malle. Frédéric Malle sinh ra trong một gia đình công nghiệp, nghệ sĩ và nhà sản xuất nước hoa"",""ogImage"":null,""twitterImage"":null,""robotsIndex"":""index"",""robotsFollow"":""follow"",""canonicalOverride"":null,""sitemapInclude"":true,""sitemapPriority"":0.7,""sitemapChangeFrequency"":""weekly"",""schemaType"":""CollectionPage"",""customJsonLd"":null}"
brands,919,Franck Boclet,franck-boclet,Franck Boclet Chính Hãng,"{""metaTitle"":""Nước hoa Franck Boclet chính hãng | MF Paris"",""metaDescription"":""Nước hoa Franck Boclet chính hãng tại MF Paris với Cocaine. So sánh phiên bản, nồng độ, dung tích và giá bán để chọn mùi phù hợp."",""focusKeyword"":""Franck Boclet chính hãng"",""breadcrumbLabel"":""Franck Boclet"",""ogTitle"":""Franck Boclet Chính Hãng | MF Paris"",""ogDescription"":""Franck Boclet là thương hiệu thời trang và nước hoa cao cấp. Vào tháng 1 năm 2019, Franck Boclet đã khai trương Cửa hàng Officine và Concept đầu tiên trong mộ"",""ogImage"":null,""twitterImage"":null,""robotsIndex"":""index"",""robotsFollow"":""follow"",""canonicalOverride"":null,""sitemapInclude"":true,""sitemapPriority"":0.7,""sitemapChangeFrequency"":""weekly"",""schemaType"":""CollectionPage"",""customJsonLd"":null}"
brands,918,Fragrance World,fragrance-world,Fragrance World Chính Hãng,"{""metaTitle"":""Nước hoa Fragrance World chính hãng | MF Paris"",""metaDescription"":""Nước hoa Fragrance World chính hãng tại MF Paris với Barakkat Rouge 540. So sánh phiên bản, nồng độ, dung tích và giá bán để chọn mùi phù hợp."",""focusKeyword"":""Fragrance World chính hãng"",""breadcrumbLabel"":""Fragrance World"",""ogTitle"":""Fragrance World Chính Hãng | MF Paris"",""ogDescription"":""Fragrance World được tạo ra bởi người sáng lập Katie của chúng tôi vào năm 2020 sau khi cô ấy kết hợp tình yêu dành cho nước hoa và ý tưởng của mình để tạo ra"",""ogImage"":null,""twitterImage"":null,""robotsIndex"":""index"",""robotsFollow"":""follow"",""canonicalOverride"":null,""sitemapInclude"":true,""sitemapPriority"":0.7,""sitemapChangeFrequency"":""weekly"",""schemaType"":""CollectionPage"",""customJsonLd"":null}"
brands,917,Forté Pharma,forte-pharma,Forté Pharma Chính Hãng,"{""metaTitle"":""Thực phẩm bổ sung Forté Pharma chính hãng | MF Paris"",""metaDescription"":""Forté Pharma chính hãng tại MF Paris với Expert Collagen và Expert Hyaluronic dạng uống. Xem thành phần, quy cách, cách dùng và giá bán."",""focusKeyword"":""Forté Pharma chính hãng"",""breadcrumbLabel"":""Forté Pharma"",""ogTitle"":""Forté Pharma Chính Hãng | MF Paris"",""ogDescription"":""Khám phá sản phẩm Forté Pharma chính hãng tại MF Paris. Xem thông tin, giá bán và lựa chọn sản phẩm phù hợp."",""ogImage"":null,""twitterImage"":null,""robotsIndex"":""index"",""robotsFollow"":""follow"",""canonicalOverride"":null,""sitemapInclude"":true,""sitemapPriority"":0.7,""sitemapChangeFrequency"":""weekly"",""schemaType"":""CollectionPage"",""customJsonLd"":null}"
brands,916,Filorga,filorga,Filorga Chính Hãng,"{""metaTitle"":""Dược mỹ phẩm Filorga chính hãng | MF Paris"",""metaDescription"":""Filorga chính hãng tại MF Paris với dưỡng da, chăm sóc mắt và các bộ sản phẩm Hydra-Hyal. Xem thành phần, quy cách, cách dùng và giá bán."",""focusKeyword"":""Filorga chính hãng"",""breadcrumbLabel"":""Filorga"",""ogTitle"":""Filorga Chính Hãng | MF Paris"",""ogDescription"":""Filorga được thành lập vào năm 1978 do Tiến sĩ Michel Tordjman và từ đó nhãn hiệu Filorga được ra đời với công nghệ sinh học tế bào. Câu chuyện bắt đầu với Ti"",""ogImage"":null,""twitterImage"":null,""robotsIndex"":""index"",""robotsFollow"":""follow"",""canonicalOverride"":null,""sitemapInclude"":true,""sitemapPriority"":0.7,""sitemapChangeFrequency"":""weekly"",""schemaType"":""CollectionPage"",""customJsonLd"":null}"
brands,915,Fillmed,fillmed,Fillmed Chính Hãng,"{""metaTitle"":""Chăm sóc da Fillmed chính hãng | MF Paris"",""metaDescription"":""Fillmed chính hãng tại MF Paris với mặt nạ GR-Youth Mask và sản phẩm dưỡng da. Xem thành phần, quy cách, cách dùng và giá bán để chọn sản phẩm phù hợp."",""focusKeyword"":""Fillmed chính hãng"",""breadcrumbLabel"":""Fillmed"",""ogTitle"":""Fillmed Chính Hãng | MF Paris"",""ogDescription"":""Khám phá sản phẩm Fillmed chính hãng tại MF Paris. Xem thông tin, giá bán và lựa chọn sản phẩm phù hợp."",""ogImage"":null,""twitterImage"":null,""robotsIndex"":""index"",""robotsFollow"":""follow"",""canonicalOverride"":null,""sitemapInclude"":true,""sitemapPriority"":0.7,""sitemapChangeFrequency"":""weekly"",""schemaType"":""CollectionPage"",""customJsonLd"":null}"
brands,914,Femibion,femibion,Femibion Chính Hãng,"{""metaTitle"":""Vitamin cho mẹ bầu Femibion chính hãng | MF Paris"",""metaDescription"":""Femibion chính hãng tại MF Paris với vitamin Femibion Grossesse Metafolin. Xem thành phần, quy cách, cách dùng và giá bán để chọn sản phẩm phù hợp."",""focusKeyword"":""Femibion chính hãng"",""breadcrumbLabel"":""Femibion"",""ogTitle"":""Femibion Chính Hãng | MF Paris"",""ogDescription"":""Khám phá sản phẩm Femibion chính hãng tại MF Paris. Xem thông tin, giá bán và lựa chọn sản phẩm phù hợp."",""ogImage"":null,""twitterImage"":null,""robotsIndex"":""index"",""robotsFollow"":""follow"",""canonicalOverride"":null,""sitemapInclude"":true,""sitemapPriority"":0.7,""sitemapChangeFrequency"":""weekly"",""schemaType"":""CollectionPage"",""customJsonLd"":null}"
brands,913,Femfresh,femfresh,Femfresh Chính Hãng,"{""metaTitle"":""Vệ sinh vùng kín Femfresh chính hãng | MF Paris"",""metaDescription"":""Femfresh chính hãng tại MF Paris với Sensitive, Active, Soothing và Daily Wash. Xem thành phần, quy cách, cách dùng và giá bán để chọn sản phẩm phù hợp."",""focusKeyword"":""Femfresh chính hãng"",""breadcrumbLabel"":""Femfresh"",""ogTitle"":""Femfresh Chính Hãng | MF Paris"",""ogDescription"":""Khám phá sản phẩm Femfresh chính hãng tại MF Paris. Xem thông tin, giá bán và lựa chọn sản phẩm phù hợp."",""ogImage"":null,""twitterImage"":null,""robotsIndex"":""index"",""robotsFollow"":""follow"",""canonicalOverride"":null,""sitemapInclude"":true,""sitemapPriority"":0.7,""sitemapChangeFrequency"":""weekly"",""schemaType"":""CollectionPage"",""customJsonLd"":null}"
brands,912,Ex Nihilo Paris,ex-nihilo-paris,Ex Nihilo Paris Chính Hãng,"{""metaTitle"":""Nước hoa Ex Nihilo Paris chính hãng | MF Paris"",""metaDescription"":""Nước hoa Ex Nihilo Paris chính hãng tại MF Paris với Fleur Narcotique. So sánh phiên bản, nồng độ, dung tích và giá bán để chọn mùi phù hợp."",""focusKeyword"":""Ex Nihilo Paris chính hãng"",""breadcrumbLabel"":""Ex Nihilo Paris"",""ogTitle"":""Ex Nihilo Paris Chính Hãng | MF Paris"",""ogDescription"":""Khám phá sản phẩm Ex Nihilo Paris chính hãng tại MF Paris. Xem thông tin, giá bán và lựa chọn sản phẩm phù hợp."",""ogImage"":null,""twitterImage"":null,""robotsIndex"":""index"",""robotsFollow"":""follow"",""canonicalOverride"":null,""sitemapInclude"":true,""sitemapPriority"":0.7,""sitemapChangeFrequency"":""weekly"",""schemaType"":""CollectionPage"",""customJsonLd"":null}"
brands,911,Eucerin,eucerin,Eucerin Chính Hãng,"{""metaTitle"":""Dược mỹ phẩm Eucerin chính hãng | MF Paris"",""metaDescription"":""Eucerin chính hãng tại MF Paris với Hyaluron-Filler, UreaRepair và sản phẩm chăm sóc da. Xem thành phần, quy cách, cách dùng và giá bán."",""focusKeyword"":""Eucerin chính hãng"",""breadcrumbLabel"":""Eucerin"",""ogTitle"":""Eucerin Chính Hãng | MF Paris"",""ogDescription"":""Eucerin là một thương hiệu chăm sóc y tế thẩm mỹ, được các bác sĩ da liễu khuyên dùng, nhằm bảo tồn và tái thiết sức khỏe làn da. Nhờ vào chuyên môn công nghệ"",""ogImage"":null,""twitterImage"":null,""robotsIndex"":""index"",""robotsFollow"":""follow"",""canonicalOverride"":null,""sitemapInclude"":true,""sitemapPriority"":0.7,""sitemapChangeFrequency"":""weekly"",""schemaType"":""CollectionPage"",""customJsonLd"":null}"
brands,910,Etiaxil,etiaxil,Etiaxil Chính Hãng,"{""metaTitle"":""Khử mùi và giảm mồ hôi Etiaxil chính hãng | MF Paris"",""metaDescription"":""Etiaxil chính hãng tại MF Paris với lăn khử mùi và các dòng Anti-Transpirant, Détranspirant. Xem thành phần, quy cách, cách dùng và giá bán."",""focusKeyword"":""Etiaxil chính hãng"",""breadcrumbLabel"":""Etiaxil"",""ogTitle"":""Etiaxil Chính Hãng | MF Paris"",""ogDescription"":""Khám phá sản phẩm Etiaxil chính hãng tại MF Paris. Xem thông tin, giá bán và lựa chọn sản phẩm phù hợp."",""ogImage"":null,""twitterImage"":null,""robotsIndex"":""index"",""robotsFollow"":""follow"",""canonicalOverride"":null,""sitemapInclude"":true,""sitemapPriority"":0.7,""sitemapChangeFrequency"":""weekly"",""schemaType"":""CollectionPage"",""customJsonLd"":null}"
brands,909,Etat Libre D’Orange,etat-libre-dorange,Etat Libre D’Orange Chính Hãng,"{""metaTitle"":""Nước hoa Etat Libre D’Orange chính hãng | MF Paris"",""metaDescription"":""Nước hoa Etat Libre D’Orange chính hãng tại MF Paris với You or Someone Like You và Archives 69. Xem phiên bản, dung tích và giá bán để chọn mùi phù hợp."",""focusKeyword"":""Etat Libre D’Orange chính hãng"",""breadcrumbLabel"":""Etat Libre D’Orange"",""ogTitle"":""Etat Libre D’Orange Chính Hãng | MF Paris"",""ogDescription"":""Etat Libre d’Orange (“Free State of Orange”) là một hãng nước hoa của Pháp được thành lập bởi Etienne de Swardt vào năm 2006. Với phương châm Le parfum est mo"",""ogImage"":null,""twitterImage"":null,""robotsIndex"":""index"",""robotsFollow"":""follow"",""canonicalOverride"":null,""sitemapInclude"":true,""sitemapPriority"":0.7,""sitemapChangeFrequency"":""weekly"",""schemaType"":""CollectionPage"",""customJsonLd"":null}"
brands,908,Estee Lauder,estee-lauder,Estee Lauder Chính Hãng,"{""metaTitle"":""Mỹ phẩm chăm sóc da Estée Lauder chính hãng | MF Paris"",""metaDescription"":""Estée Lauder chính hãng tại MF Paris với bộ sản phẩm dưỡng da và quà tặng mỹ phẩm. Xem thành phần, quy cách, cách dùng và giá bán để chọn sản phẩm phù hợp."",""focusKeyword"":""Estee Lauder chính hãng"",""breadcrumbLabel"":""Estee Lauder"",""ogTitle"":""Estee Lauder Chính Hãng | MF Paris"",""ogDescription"":""Thương hiệu Estee Lauder Estée Lauder là thương hiệu hàng đầu của The Estée Lauder Companies Inc. Được thành lập bởi Estée Lauder, một trong những nữ doanh nh"",""ogImage"":null,""twitterImage"":null,""robotsIndex"":""index"",""robotsFollow"":""follow"",""canonicalOverride"":null,""sitemapInclude"":true,""sitemapPriority"":0.7,""sitemapChangeFrequency"":""weekly"",""schemaType"":""CollectionPage"",""customJsonLd"":null}"
brands,907,Escentric Molecules,escentric-molecules,Escentric Molecules Chính Hãng,"{""metaTitle"":""Nước hoa Escentric Molecules chính hãng | MF Paris"",""metaDescription"":""Nước hoa Escentric Molecules chính hãng tại MF Paris với Molecule 01. So sánh phiên bản, nồng độ, dung tích và giá bán để chọn mùi phù hợp."",""focusKeyword"":""Escentric Molecules chính hãng"",""breadcrumbLabel"":""Escentric Molecules"",""ogTitle"":""Escentric Molecules Chính Hãng | MF Paris"",""ogDescription"":""Escentric Molecules là một thương hiệu nước hoa độc đáo của Anh được thành lập vào năm 2006 bởi Geza Schoen. Thương hiệu này nổi tiếng với những loại nước hoa"",""ogImage"":null,""twitterImage"":null,""robotsIndex"":""index"",""robotsFollow"":""follow"",""canonicalOverride"":null,""sitemapInclude"":true,""sitemapPriority"":0.7,""sitemapChangeFrequency"":""weekly"",""schemaType"":""CollectionPage"",""customJsonLd"":null}"
brands,906,Ella K Parfums,ella-k-parfums,Ella K Parfums Chính Hãng,"{""metaTitle"":""Nước hoa Ella K Parfums chính hãng | MF Paris"",""metaDescription"":""Nước hoa Ella K Parfums chính hãng tại MF Paris với Musc K. So sánh phiên bản, nồng độ, dung tích và giá bán để chọn mùi phù hợp."",""focusKeyword"":""Ella K Parfums chính hãng"",""breadcrumbLabel"":""Ella K Parfums"",""ogTitle"":""Ella K Parfums Chính Hãng | MF Paris"",""ogDescription"":""Khám phá sản phẩm Ella K Parfums chính hãng tại MF Paris. Xem thông tin, giá bán và lựa chọn sản phẩm phù hợp."",""ogImage"":null,""twitterImage"":null,""robotsIndex"":""index"",""robotsFollow"":""follow"",""canonicalOverride"":null,""sitemapInclude"":true,""sitemapPriority"":0.7,""sitemapChangeFrequency"":""weekly"",""schemaType"":""CollectionPage"",""customJsonLd"":null}"
brands,905,Elizabeth taylor,elizabeth-taylor,Elizabeth taylor Chính Hãng,"{""metaTitle"":""Nước hoa Elizabeth Taylor chính hãng | MF Paris"",""metaDescription"":""Nước hoa Elizabeth Taylor chính hãng tại MF Paris với White Diamonds. So sánh phiên bản, nồng độ, dung tích và giá bán để chọn mùi phù hợp."",""focusKeyword"":""Elizabeth taylor chính hãng"",""breadcrumbLabel"":""Elizabeth taylor"",""ogTitle"":""Elizabeth taylor Chính Hãng | MF Paris"",""ogDescription"":""Khám phá sản phẩm Elizabeth taylor chính hãng tại MF Paris. Xem thông tin, giá bán và lựa chọn sản phẩm phù hợp."",""ogImage"":null,""twitterImage"":null,""robotsIndex"":""index"",""robotsFollow"":""follow"",""canonicalOverride"":null,""sitemapInclude"":true,""sitemapPriority"":0.7,""sitemapChangeFrequency"":""weekly"",""schemaType"":""CollectionPage"",""customJsonLd"":null}"
brands,904,Elizabeth Arden,elizabeth-arden,Elizabeth Arden Chính Hãng,"{""metaTitle"":""Nước hoa Elizabeth Arden chính hãng | MF Paris"",""metaDescription"":""Nước hoa Elizabeth Arden chính hãng tại MF Paris với White Tea và 5th Avenue. So sánh phiên bản, nồng độ, dung tích và giá bán để chọn mùi phù hợp."",""focusKeyword"":""Elizabeth Arden chính hãng"",""breadcrumbLabel"":""Elizabeth Arden"",""ogTitle"":""Elizabeth Arden Chính Hãng | MF Paris"",""ogDescription"":""Khám phá sản phẩm Elizabeth Arden chính hãng tại MF Paris. Xem thông tin, giá bán và lựa chọn sản phẩm phù hợp."",""ogImage"":null,""twitterImage"":null,""robotsIndex"":""index"",""robotsFollow"":""follow"",""canonicalOverride"":null,""sitemapInclude"":true,""sitemapPriority"":0.7,""sitemapChangeFrequency"":""weekly"",""schemaType"":""CollectionPage"",""customJsonLd"":null}"
brands,903,Elie Saab,elie-saab,Elie Saab Chính Hãng,"{""metaTitle"":""Nước hoa Elie Saab chính hãng | MF Paris"",""metaDescription"":""Nước hoa Elie Saab chính hãng tại MF Paris với Girl of Now và Le Parfum. So sánh phiên bản, nồng độ, dung tích và giá bán để chọn mùi phù hợp."",""focusKeyword"":""Elie Saab chính hãng"",""breadcrumbLabel"":""Elie Saab"",""ogTitle"":""Elie Saab Chính Hãng | MF Paris"",""ogDescription"":""Elizabeth Arden là một thương hiệu mỹ phẩm và nước hoa cao cấp của Mỹ được thành lập vào năm 1910 bởi Elizabeth Arden. Thương hiệu Elizabeth Arden nổi tiếng v"",""ogImage"":null,""twitterImage"":null,""robotsIndex"":""index"",""robotsFollow"":""follow"",""canonicalOverride"":null,""sitemapInclude"":true,""sitemapPriority"":0.7,""sitemapChangeFrequency"":""weekly"",""schemaType"":""CollectionPage"",""customJsonLd"":null}"
brands,902,El Ganso,el-ganso,El Ganso Chính Hãng,"{""metaTitle"":""Nước hoa El Ganso chính hãng | MF Paris"",""metaDescription"":""Nước hoa El Ganso chính hãng tại MF Paris với Friday Edition và Part Time Hero. So sánh phiên bản, nồng độ, dung tích và giá bán để chọn mùi phù hợp."",""focusKeyword"":""El Ganso chính hãng"",""breadcrumbLabel"":""El Ganso"",""ogTitle"":""El Ganso Chính Hãng | MF Paris"",""ogDescription"":""Elie Saab là một thương hiệu thời trang cao cấp của Lebanon được thành lập vào năm 1982 bởi nhà thiết kế thời trang Elie Saab. Thương hiệu Elie Saab nổi tiếng"",""ogImage"":null,""twitterImage"":null,""robotsIndex"":""index"",""robotsFollow"":""follow"",""canonicalOverride"":null,""sitemapInclude"":true,""sitemapPriority"":0.7,""sitemapChangeFrequency"":""weekly"",""schemaType"":""CollectionPage"",""customJsonLd"":null}"
brands,901,EFFIK,effik,EFFIK Chính Hãng,"{""metaTitle"":""Chăm sóc sức khỏe sinh sản EFFIK chính hãng | MF Paris"",""metaDescription"":""EFFIK chính hãng tại MF Paris với Andromas, Ovunol và sản phẩm bổ sung dinh dưỡng. Xem thành phần, quy cách, cách dùng và giá bán để chọn sản phẩm phù hợp."",""focusKeyword"":""EFFIK chính hãng"",""breadcrumbLabel"":""EFFIK"",""ogTitle"":""EFFIK Chính Hãng | MF Paris"",""ogDescription"":""Khám phá sản phẩm EFFIK chính hãng tại MF Paris. Xem thông tin, giá bán và lựa chọn sản phẩm phù hợp."",""ogImage"":null,""twitterImage"":null,""robotsIndex"":""index"",""robotsFollow"":""follow"",""canonicalOverride"":null,""sitemapInclude"":true,""sitemapPriority"":0.7,""sitemapChangeFrequency"":""weekly"",""schemaType"":""CollectionPage"",""customJsonLd"":null}"
brands,900,Effi Science,effi-science,Effi Science Chính Hãng,"{""metaTitle"":""Thực phẩm bổ sung Effi Science chính hãng | MF Paris"",""metaDescription"":""Effi Science chính hãng tại MF Paris với viên uống Cognito Mémoire và bổ sung dinh dưỡng. Xem thành phần, quy cách, cách dùng và giá bán."",""focusKeyword"":""Effi Science chính hãng"",""breadcrumbLabel"":""Effi Science"",""ogTitle"":""Effi Science Chính Hãng | MF Paris"",""ogDescription"":""Khám phá sản phẩm Effi Science chính hãng tại MF Paris. Xem thông tin, giá bán và lựa chọn sản phẩm phù hợp."",""ogImage"":null,""twitterImage"":null,""robotsIndex"":""index"",""robotsFollow"":""follow"",""canonicalOverride"":null,""sitemapInclude"":true,""sitemapPriority"":0.7,""sitemapChangeFrequency"":""weekly"",""schemaType"":""CollectionPage"",""customJsonLd"":null}"
brands,899,Eaoron,eaoron,Eaoron Chính Hãng,"{""metaTitle"":""Chăm sóc da Eaoron chính hãng | MF Paris"",""metaDescription"":""Eaoron chính hãng tại MF Paris với kem dưỡng mắt Young Eyes Around the Clock. Xem thành phần, quy cách, cách dùng và giá bán để chọn sản phẩm phù hợp."",""focusKeyword"":""Eaoron chính hãng"",""breadcrumbLabel"":""Eaoron"",""ogTitle"":""Eaoron Chính Hãng | MF Paris"",""ogDescription"":""EFFIK là một thương hiệu dược phẩm và sản phẩm chăm sóc sức khỏe có nguồn gốc từ Ba Lan. Thương hiệu này chuyên sản xuất và phân phối các sản phẩm liên quan đ"",""ogImage"":null,""twitterImage"":null,""robotsIndex"":""index"",""robotsFollow"":""follow"",""canonicalOverride"":null,""sitemapInclude"":true,""sitemapPriority"":0.7,""sitemapChangeFrequency"":""weekly"",""schemaType"":""CollectionPage"",""customJsonLd"":null}"
brands,898,Ducray,ducray,Ducray Chính Hãng,"{""metaTitle"":""Dược mỹ phẩm và chăm sóc tóc Ducray chính hãng | MF Paris"",""metaDescription"":""Ducray chính hãng tại MF Paris với Neoptide, Anacaps và sản phẩm chăm sóc da Keracnyl. Xem thành phần, quy cách, cách dùng và giá bán để chọn sản phẩm phù hợp."",""focusKeyword"":""Ducray chính hãng"",""breadcrumbLabel"":""Ducray"",""ogTitle"":""Ducray Chính Hãng | MF Paris"",""ogDescription"":""Ducray ra đời vào những năm 1930, tại Pháp, dưới bàn tay của Albert Ducray, con trai của một bác sĩ da liễu, người đã nhận ra chất lượng kém của các loại dầu "",""ogImage"":null,""twitterImage"":null,""robotsIndex"":""index"",""robotsFollow"":""follow"",""canonicalOverride"":null,""sitemapInclude"":true,""sitemapPriority"":0.7,""sitemapChangeFrequency"":""weekly"",""schemaType"":""CollectionPage"",""customJsonLd"":null}"
brands,897,Dsquared2,dsquared2,Dsquared2 Chính Hãng,"{""metaTitle"":""Nước hoa Dsquared2 chính hãng | MF Paris"",""metaDescription"":""Nước hoa Dsquared2 chính hãng tại MF Paris với Wood và Icon. So sánh phiên bản, nồng độ, dung tích và giá bán để chọn mùi phù hợp."",""focusKeyword"":""Dsquared2 chính hãng"",""breadcrumbLabel"":""Dsquared2"",""ogTitle"":""Dsquared2 Chính Hãng | MF Paris"",""ogDescription"":""Được thành lập vào năm 1994 do Anh em sinh đôi Dean và Dan Keithen là chủ sở hữu và nhà thiết kế chính của nước hoa Dsquared2 . Trước khi bắt đầu cuộc chinh p"",""ogImage"":null,""twitterImage"":null,""robotsIndex"":""index"",""robotsFollow"":""follow"",""canonicalOverride"":null,""sitemapInclude"":true,""sitemapPriority"":0.7,""sitemapChangeFrequency"":""weekly"",""schemaType"":""CollectionPage"",""customJsonLd"":null}"
brands,896,Dove,dove,Dove Chính Hãng,"{""metaTitle"":""Chăm sóc da cơ thể Dove chính hãng | MF Paris"",""metaDescription"":""Dove chính hãng tại MF Paris với kem dưỡng tay Care & Protect và chăm sóc da hằng ngày. Xem thành phần, quy cách, cách dùng và giá bán để chọn sản phẩm phù hợp."",""focusKeyword"":""Dove chính hãng"",""breadcrumbLabel"":""Dove"",""ogTitle"":""Dove Chính Hãng | MF Paris"",""ogDescription"":""Dove là một thương hiệu chăm sóc cá nhân nổi tiếng của Unilever. Thương hiệu này được thành lập vào năm 1957 tại Anh và hiện có mặt tại hơn 100 quốc gia trên "",""ogImage"":null,""twitterImage"":null,""robotsIndex"":""index"",""robotsFollow"":""follow"",""canonicalOverride"":null,""sitemapInclude"":true,""sitemapPriority"":0.7,""sitemapChangeFrequency"":""weekly"",""schemaType"":""CollectionPage"",""customJsonLd"":null}"
brands,895,DKNY,dkny,DKNY Chính Hãng,"{""metaTitle"":""Nước hoa DKNY chính hãng | MF Paris"",""metaDescription"":""Nước hoa DKNY chính hãng tại MF Paris với Be Delicious. So sánh phiên bản, nồng độ, dung tích và giá bán để chọn mùi phù hợp."",""focusKeyword"":""DKNY chính hãng"",""breadcrumbLabel"":""DKNY"",""ogTitle"":""DKNY Chính Hãng | MF Paris"",""ogDescription"":""DKNY là viết tắt của Donna Karan New York, là một thương hiệu thời trang cao cấp của Mỹ được thành lập vào năm 1985 bởi nhà thiết kế Donna Karan. Thương hiệu "",""ogImage"":null,""twitterImage"":null,""robotsIndex"":""index"",""robotsFollow"":""follow"",""canonicalOverride"":null,""sitemapInclude"":true,""sitemapPriority"":0.7,""sitemapChangeFrequency"":""weekly"",""schemaType"":""CollectionPage"",""customJsonLd"":null}"
brands,894,Diptyque,diptyque,Diptyque Chính Hãng,"{""metaTitle"":""Nước hoa Diptyque chính hãng | MF Paris"",""metaDescription"":""Nước hoa Diptyque chính hãng tại MF Paris với Orphéon, Fleur de Peau và Eau Capitale. So sánh phiên bản, nồng độ, dung tích và giá bán để chọn mùi phù hợp."",""focusKeyword"":""Diptyque chính hãng"",""breadcrumbLabel"":""Diptyque"",""ogTitle"":""Diptyque Chính Hãng | MF Paris"",""ogDescription"":""Năm 1961, Christiane Gautrot, Desmond KnoxLeet và Yves Coueslant thành lập Diptyque . Bạn bè thiết kế vải và bắt đầu làm nước hoa phù hợp với vải. Họa sĩ minh"",""ogImage"":null,""twitterImage"":null,""robotsIndex"":""index"",""robotsFollow"":""follow"",""canonicalOverride"":null,""sitemapInclude"":true,""sitemapPriority"":0.7,""sitemapChangeFrequency"":""weekly"",""schemaType"":""CollectionPage"",""customJsonLd"":null}"
brands,893,Dior,dior,Dior Chính Hãng,"{""metaTitle"":""Nước hoa và son Dior chính hãng | MF Paris"",""metaDescription"":""Nước hoa Dior Sauvage, J’adore, Miss Dior và son Dior chính hãng tại MF Paris. Xem phiên bản, dung tích, màu son và giá bán để lựa chọn phù hợp."",""focusKeyword"":""Dior chính hãng"",""breadcrumbLabel"":""Dior"",""ogTitle"":""Dior Chính Hãng | MF Paris"",""ogDescription"":""Dior , tên đầy đủ là Christian Dior là một thương hiệu thời trang và nước hoa pháp cao cấp hàng đầu thế giới. Dior được thành lập năm 1946 bởi nhà thiết kế th"",""ogImage"":null,""twitterImage"":null,""robotsIndex"":""index"",""robotsFollow"":""follow"",""canonicalOverride"":null,""sitemapInclude"":true,""sitemapPriority"":0.7,""sitemapChangeFrequency"":""weekly"",""schemaType"":""CollectionPage"",""customJsonLd"":null}"
brands,892,Dina Cosmetics,dina-cosmetics,Dina Cosmetics Chính Hãng,"{""metaTitle"":""Nước hoa Dina Cosmetics chính hãng | MF Paris"",""metaDescription"":""Nước hoa Dina Cosmetics Dagger Eau de Parfum chính hãng tại MF Paris. Tìm hiểu phong cách mùi hương, dung tích và giá bán trước khi lựa chọn."",""focusKeyword"":""Dina Cosmetics chính hãng"",""breadcrumbLabel"":""Dina Cosmetics"",""ogTitle"":""Dina Cosmetics Chính Hãng | MF Paris"",""ogDescription"":""Khám phá sản phẩm Dina Cosmetics chính hãng tại MF Paris. Xem thông tin, giá bán và lựa chọn sản phẩm phù hợp."",""ogImage"":null,""twitterImage"":null,""robotsIndex"":""index"",""robotsFollow"":""follow"",""canonicalOverride"":null,""sitemapInclude"":true,""sitemapPriority"":0.7,""sitemapChangeFrequency"":""weekly"",""schemaType"":""CollectionPage"",""customJsonLd"":null}"
brands,891,Diesel,diesel,Diesel Chính Hãng,"{""metaTitle"":""Nước hoa Diesel chính hãng | MF Paris"",""metaDescription"":""Nước hoa Diesel chính hãng tại MF Paris với Bad và Fuel for Life. So sánh phiên bản, nồng độ, dung tích và giá bán để chọn mùi phù hợp."",""focusKeyword"":""Diesel chính hãng"",""breadcrumbLabel"":""Diesel"",""ogTitle"":""Diesel Chính Hãng | MF Paris"",""ogDescription"":""Dina Cosmetics là một thương hiệu nước hoa Pháp được thành lập vào năm 1983 bởi Dina Latifa. Thương hiệu này được biết đến với các loại nước hoa tinh tế và sa"",""ogImage"":null,""twitterImage"":null,""robotsIndex"":""index"",""robotsFollow"":""follow"",""canonicalOverride"":null,""sitemapInclude"":true,""sitemapPriority"":0.7,""sitemapChangeFrequency"":""weekly"",""schemaType"":""CollectionPage"",""customJsonLd"":null}"
brands,890,Diadermine,diadermine,Diadermine Chính Hãng,"{""metaTitle"":""Chăm sóc da Diadermine chính hãng | MF Paris"",""metaDescription"":""Diadermine chính hãng tại MF Paris với serum Expert Actif Hyaluronique và sản phẩm dưỡng da. Xem thành phần, quy cách, cách dùng và giá bán."",""focusKeyword"":""Diadermine chính hãng"",""breadcrumbLabel"":""Diadermine"",""ogTitle"":""Diadermine Chính Hãng | MF Paris"",""ogDescription"":""Diesel là một thương hiệu quần áo của Ý được thành lập bởi Renzo Rosso vào năm 1978. Được biết đến nhiều nhất với bộ sưu tập denim, công ty phục vụ cho thế hệ"",""ogImage"":null,""twitterImage"":null,""robotsIndex"":""index"",""robotsFollow"":""follow"",""canonicalOverride"":null,""sitemapInclude"":true,""sitemapPriority"":0.7,""sitemapChangeFrequency"":""weekly"",""schemaType"":""CollectionPage"",""customJsonLd"":null}"
brands,889,Densmore,densmore,Densmore Chính Hãng,"{""metaTitle"":""Chăm sóc sức khỏe sinh sản Densmore chính hãng | MF Paris"",""metaDescription"":""Densmore chính hãng tại MF Paris với Gametix và sản phẩm bổ sung cho sức khỏe sinh sản. Xem thành phần, quy cách, cách dùng và giá bán để chọn sản phẩm phù hợp."",""focusKeyword"":""Densmore chính hãng"",""breadcrumbLabel"":""Densmore"",""ogTitle"":""Densmore Chính Hãng | MF Paris"",""ogDescription"":""Khám phá sản phẩm Densmore chính hãng tại MF Paris. Xem thông tin, giá bán và lựa chọn sản phẩm phù hợp."",""ogImage"":null,""twitterImage"":null,""robotsIndex"":""index"",""robotsFollow"":""follow"",""canonicalOverride"":null,""sitemapInclude"":true,""sitemapPriority"":0.7,""sitemapChangeFrequency"":""weekly"",""schemaType"":""CollectionPage"",""customJsonLd"":null}"
brands,888,Deep Heat,deep-heat,Deep Heat Chính Hãng,"{""metaTitle"":""Sản phẩm xoa bóp Deep Heat chính hãng | MF Paris"",""metaDescription"":""Deep Heat chính hãng tại MF Paris với kem xoa bóp Original Heat Rub dùng ngoài da. Xem thành phần, quy cách, cách dùng và giá bán để chọn sản phẩm phù hợp."",""focusKeyword"":""Deep Heat chính hãng"",""breadcrumbLabel"":""Deep Heat"",""ogTitle"":""Deep Heat Chính Hãng | MF Paris"",""ogDescription"":""Deep Heat là một thương hiệu kem xoa bóp giảm đau được sản xuất bởi Rohto-Mentholatum, một công ty dược phẩm và chăm sóc sức khỏe Nhật Bản. Kem Deep Heat được"",""ogImage"":null,""twitterImage"":null,""robotsIndex"":""index"",""robotsFollow"":""follow"",""canonicalOverride"":null,""sitemapInclude"":true,""sitemapPriority"":0.7,""sitemapChangeFrequency"":""weekly"",""schemaType"":""CollectionPage"",""customJsonLd"":null}"
brands,887,Darphin,darphin,Darphin Chính Hãng,"{""metaTitle"":""Chăm sóc da Darphin chính hãng | MF Paris"",""metaDescription"":""Darphin chính hãng tại MF Paris với serum Hydraskin và sản phẩm dưỡng ẩm. Xem thành phần, quy cách, cách dùng và giá bán để chọn sản phẩm phù hợp."",""focusKeyword"":""Darphin chính hãng"",""breadcrumbLabel"":""Darphin"",""ogTitle"":""Darphin Chính Hãng | MF Paris"",""ogDescription"":""Darphin là một thương hiệu chăm sóc da cao cấp của Pháp được thành lập vào năm 1958 bởi dược sĩ Pierre Darphin. Thương hiệu được lấy cảm hứng từ vẻ đẹp tự nhi"",""ogImage"":null,""twitterImage"":null,""robotsIndex"":""index"",""robotsFollow"":""follow"",""canonicalOverride"":null,""sitemapInclude"":true,""sitemapPriority"":0.7,""sitemapChangeFrequency"":""weekly"",""schemaType"":""CollectionPage"",""customJsonLd"":null}"
brands,886,Cyrus Parfums,cyrus-parfums,Cyrus Parfums Chính Hãng,"{""metaTitle"":""Nước hoa Cyrus Parfums chính hãng | MF Paris"",""metaDescription"":""Nước hoa Cyrus Parfums chính hãng tại MF Paris với Grandiose và Grandiose Dreams. So sánh phiên bản, nồng độ, dung tích và giá bán để chọn mùi phù hợp."",""focusKeyword"":""Cyrus Parfums chính hãng"",""breadcrumbLabel"":""Cyrus Parfums"",""ogTitle"":""Cyrus Parfums Chính Hãng | MF Paris"",""ogDescription"":""Cyrus Parfums là một thương hiệu nước hoa Pháp được thành lập vào năm 2020. Thương hiệu được lấy cảm hứng từ vị vua vĩ đại Cyrus Đại đế của Ba Tư, người được "",""ogImage"":null,""twitterImage"":null,""robotsIndex"":""index"",""robotsFollow"":""follow"",""canonicalOverride"":null,""sitemapInclude"":true,""sitemapPriority"":0.7,""sitemapChangeFrequency"":""weekly"",""schemaType"":""CollectionPage"",""customJsonLd"":null}"
brands,885,Criminal Elements,criminal-elements,Criminal Elements Chính Hãng,"{""metaTitle"":""Nước hoa Criminal Elements chính hãng | MF Paris"",""metaDescription"":""Nước hoa Criminal Elements chính hãng tại MF Paris với Tobacco Jam và Verge. So sánh phiên bản, nồng độ, dung tích và giá bán để chọn mùi phù hợp."",""focusKeyword"":""Criminal Elements chính hãng"",""breadcrumbLabel"":""Criminal Elements"",""ogTitle"":""Criminal Elements Chính Hãng | MF Paris"",""ogDescription"":""Khám phá sản phẩm Criminal Elements chính hãng tại MF Paris. Xem thông tin, giá bán và lựa chọn sản phẩm phù hợp."",""ogImage"":null,""twitterImage"":null,""robotsIndex"":""index"",""robotsFollow"":""follow"",""canonicalOverride"":null,""sitemapInclude"":true,""sitemapPriority"":0.7,""sitemapChangeFrequency"":""weekly"",""schemaType"":""CollectionPage"",""customJsonLd"":null}"
brands,884,Creed,creed,Creed Chính Hãng,"{""metaTitle"":""Nước hoa Creed chính hãng | MF Paris"",""metaDescription"":""Nước hoa Creed chính hãng tại MF Paris với Aventus, Silver Mountain Water và Original Vetiver. Xem phiên bản, dung tích và giá bán để chọn mùi phù hợp."",""focusKeyword"":""Creed chính hãng"",""breadcrumbLabel"":""Creed"",""ogTitle"":""Creed Chính Hãng | MF Paris"",""ogDescription"":""Nước hoa Creed, một cái tên không còn xa lạ với những người yêu thích hương thơm trên toàn thế giới. Không chỉ là một sản phẩm, Creed là cả một câu chuyện lịc"",""ogImage"":null,""twitterImage"":null,""robotsIndex"":""index"",""robotsFollow"":""follow"",""canonicalOverride"":null,""sitemapInclude"":true,""sitemapPriority"":0.7,""sitemapChangeFrequency"":""weekly"",""schemaType"":""CollectionPage"",""customJsonLd"":null}"
brands,883,Corine de Farme,corine-de-farme,Corine de Farme Chính Hãng,"{""metaTitle"":""Chăm sóc cá nhân Corine de Farme chính hãng | MF Paris"",""metaDescription"":""Corine de Farme chính hãng tại MF Paris với sữa tắm, tắm gội cho bé và sản phẩm vệ sinh. Xem thành phần, quy cách, cách dùng và giá bán."",""focusKeyword"":""Corine de Farme chính hãng"",""breadcrumbLabel"":""Corine de Farme"",""ogTitle"":""Corine de Farme Chính Hãng | MF Paris"",""ogDescription"":""Corine de Farme là thương hiệu chăm sóc cá nhân đến từ Pháp, được biết đến với các dòng sản phẩm làm sạch dịu nhẹ dành cho người trưởng thành, phụ nữ, trẻ nhỏ"",""ogImage"":null,""twitterImage"":null,""robotsIndex"":""index"",""robotsFollow"":""follow"",""canonicalOverride"":null,""sitemapInclude"":true,""sitemapPriority"":0.7,""sitemapChangeFrequency"":""weekly"",""schemaType"":""CollectionPage"",""customJsonLd"":null}"
brands,882,Cooper,cooper,Cooper Chính Hãng,"{""metaTitle"":""Thực phẩm bổ sung Cooper chính hãng | MF Paris"",""metaDescription"":""Cooper chính hãng tại MF Paris với kẹo bổ sung Mag2 Gommes dạng hộp 45 viên. Xem thành phần, quy cách, cách dùng và giá bán để chọn sản phẩm phù hợp."",""focusKeyword"":""Cooper chính hãng"",""breadcrumbLabel"":""Cooper"",""ogTitle"":""Cooper Chính Hãng | MF Paris"",""ogDescription"":""Khám phá sản phẩm Cooper chính hãng tại MF Paris. Xem thông tin, giá bán và lựa chọn sản phẩm phù hợp."",""ogImage"":null,""twitterImage"":null,""robotsIndex"":""index"",""robotsFollow"":""follow"",""canonicalOverride"":null,""sitemapInclude"":true,""sitemapPriority"":0.7,""sitemapChangeFrequency"":""weekly"",""schemaType"":""CollectionPage"",""customJsonLd"":null}"
brands,881,Comvita,comvita,Comvita Chính Hãng,"{""metaTitle"":""Mật ong Comvita chính hãng | MF Paris"",""metaDescription"":""Comvita chính hãng tại MF Paris với mật ong Kids Yummy Honey và sản phẩm bổ sung dinh dưỡng. Xem thành phần, quy cách, cách dùng và giá bán."",""focusKeyword"":""Comvita chính hãng"",""breadcrumbLabel"":""Comvita"",""ogTitle"":""Comvita Chính Hãng | MF Paris"",""ogDescription"":""Comvita là một thương hiệu mật ong và các sản phẩm sức khỏe từ New Zealand, được thành lập vào năm 1974 bởi Trevor Beattie. Thương hiệu bắt đầu với một cửa hà"",""ogImage"":null,""twitterImage"":null,""robotsIndex"":""index"",""robotsFollow"":""follow"",""canonicalOverride"":null,""sitemapInclude"":true,""sitemapPriority"":0.7,""sitemapChangeFrequency"":""weekly"",""schemaType"":""CollectionPage"",""customJsonLd"":null}"
brands,880,Coach,coach,Coach Chính Hãng,"{""metaTitle"":""Nước hoa Coach chính hãng | MF Paris"",""metaDescription"":""Nước hoa Coach chính hãng tại MF Paris với Wild Rose. So sánh phiên bản, nồng độ, dung tích và giá bán để chọn mùi phù hợp."",""focusKeyword"":""Coach chính hãng"",""breadcrumbLabel"":""Coach"",""ogTitle"":""Coach Chính Hãng | MF Paris"",""ogDescription"":""Khám phá sản phẩm Coach chính hãng tại MF Paris. Xem thông tin, giá bán và lựa chọn sản phẩm phù hợp."",""ogImage"":null,""twitterImage"":null,""robotsIndex"":""index"",""robotsFollow"":""follow"",""canonicalOverride"":null,""sitemapInclude"":true,""sitemapPriority"":0.7,""sitemapChangeFrequency"":""weekly"",""schemaType"":""CollectionPage"",""customJsonLd"":null}"
brands,879,Clive Christian,clive-christian,Clive Christian Chính Hãng,"{""metaTitle"":""Nước hoa Clive Christian chính hãng | MF Paris"",""metaDescription"":""Nước hoa Clive Christian chính hãng tại MF Paris với 1872 Original Collection Feminine. So sánh phiên bản, nồng độ, dung tích và giá bán để chọn mùi phù hợp."",""focusKeyword"":""Clive Christian chính hãng"",""breadcrumbLabel"":""Clive Christian"",""ogTitle"":""Clive Christian Chính Hãng | MF Paris"",""ogDescription"":""Khám phá sản phẩm Clive Christian chính hãng tại MF Paris. Xem thông tin, giá bán và lựa chọn sản phẩm phù hợp."",""ogImage"":null,""twitterImage"":null,""robotsIndex"":""index"",""robotsFollow"":""follow"",""canonicalOverride"":null,""sitemapInclude"":true,""sitemapPriority"":0.7,""sitemapChangeFrequency"":""weekly"",""schemaType"":""CollectionPage"",""customJsonLd"":null}"
brands,878,Chloe,chloe,Chloe Chính Hãng,"{""metaTitle"":""Nước hoa Chloe chính hãng | MF Paris"",""metaDescription"":""Nước hoa Chloe chính hãng tại MF Paris với Chloé và Nomade. So sánh phiên bản, nồng độ, dung tích và giá bán để chọn mùi phù hợp."",""focusKeyword"":""Chloe chính hãng"",""breadcrumbLabel"":""Chloe"",""ogTitle"":""Chloe Chính Hãng | MF Paris"",""ogDescription"":""Nước hoa Chloe của một thương hiệu nước hoa Pháp được tạo ra bởi một quý tộc giàu có Gabi Aghien, người đến Paris từ Ai Cập vào năm 1945 và quyết định rằng cu"",""ogImage"":null,""twitterImage"":null,""robotsIndex"":""index"",""robotsFollow"":""follow"",""canonicalOverride"":null,""sitemapInclude"":true,""sitemapPriority"":0.7,""sitemapChangeFrequency"":""weekly"",""schemaType"":""CollectionPage"",""customJsonLd"":null}"
brands,877,Chanel,chanel,Chanel Chính Hãng,"{""metaTitle"":""Nước hoa và son Chanel chính hãng | MF Paris"",""metaDescription"":""Nước hoa Chanel Bleu de Chanel, Chance, Coco Mademoiselle và son môi tại MF Paris. Xem các phiên bản, dung tích, màu son và giá bán chính hãng."",""focusKeyword"":""Chanel chính hãng"",""breadcrumbLabel"":""Chanel"",""ogTitle"":""Chanel Chính Hãng | MF Paris"",""ogDescription"":""Chanel là tên thông dụng của một hãng thời trang Pháp, đóng tại thủ đô Paris được Coco Chanel sáng lập. Theo Forbes, công ty Chanel thuộc sở hữu của Alain Wer"",""ogImage"":null,""twitterImage"":null,""robotsIndex"":""index"",""robotsFollow"":""follow"",""canonicalOverride"":null,""sitemapInclude"":true,""sitemapPriority"":0.7,""sitemapChangeFrequency"":""weekly"",""schemaType"":""CollectionPage"",""customJsonLd"":null}"
brands,876,CH-Alpha,ch-alpha,CH-Alpha Chính Hãng,"{""metaTitle"":""Collagen cho khớp CH-Alpha chính hãng | MF Paris"",""metaDescription"":""CH-Alpha chính hãng tại MF Paris với collagen dạng uống CH-Alpha Plus. Xem thành phần, quy cách, cách dùng và giá bán để chọn sản phẩm phù hợp."",""focusKeyword"":""CH-Alpha chính hãng"",""breadcrumbLabel"":""CH-Alpha"",""ogTitle"":""CH-Alpha Chính Hãng | MF Paris"",""ogDescription"":""Khám phá sản phẩm CH-Alpha chính hãng tại MF Paris. Xem thông tin, giá bán và lựa chọn sản phẩm phù hợp."",""ogImage"":null,""twitterImage"":null,""robotsIndex"":""index"",""robotsFollow"":""follow"",""canonicalOverride"":null,""sitemapInclude"":true,""sitemapPriority"":0.7,""sitemapChangeFrequency"":""weekly"",""schemaType"":""CollectionPage"",""customJsonLd"":null}"
brands,875,Cetaphil,cetaphil,Cetaphil Chính Hãng,"{""metaTitle"":""Chăm sóc da Cetaphil | MF Paris"",""metaDescription"":""Tìm hiểu Cetaphil và các sản phẩm làm sạch, dưỡng ẩm, tắm gội tại MF Paris. Tham khảo thành phần, loại da và cách sử dụng trước khi lựa chọn."",""focusKeyword"":""Cetaphil chính hãng"",""breadcrumbLabel"":""Cetaphil"",""ogTitle"":""Cetaphil Chính Hãng | MF Paris"",""ogDescription"":""Cetaphil là thương hiệu chăm sóc da đã được các bác sĩ da liễu khuyên dùng hơn 70 năm, và ngày nay được hàng triệu phụ nữ có làn da nhạy cảm từ khắp nơi trên "",""ogImage"":null,""twitterImage"":null,""robotsIndex"":""index"",""robotsFollow"":""follow"",""canonicalOverride"":null,""sitemapInclude"":true,""sitemapPriority"":0.7,""sitemapChangeFrequency"":""weekly"",""schemaType"":""CollectionPage"",""customJsonLd"":null}"
brands,874,Cerave,cerave,Cerave Chính Hãng,"{""metaTitle"":""Dược mỹ phẩm CeraVe chính hãng | MF Paris"",""metaDescription"":""CeraVe chính hãng tại MF Paris với làm sạch, dưỡng ẩm và serum chăm sóc da. Xem thành phần, quy cách, cách dùng và giá bán để chọn sản phẩm phù hợp."",""focusKeyword"":""Cerave chính hãng"",""breadcrumbLabel"":""Cerave"",""ogTitle"":""Cerave Chính Hãng | MF Paris"",""ogDescription"":""Được thành lập tại Hoa Kỳ vào năm 2005 và được phát triển bởi các bác sĩ da liễu Hoa Kỳ, CeraVe cung cấp đầy đủ các sản phẩm chăm sóc da hàng ngày cho mặt và "",""ogImage"":null,""twitterImage"":null,""robotsIndex"":""index"",""robotsFollow"":""follow"",""canonicalOverride"":null,""sitemapInclude"":true,""sitemapPriority"":0.7,""sitemapChangeFrequency"":""weekly"",""schemaType"":""CollectionPage"",""customJsonLd"":null}"
brands,873,CCD,ccd,CCD Chính Hãng,"{""metaTitle"":""Chăm sóc sức khỏe nữ giới CCD chính hãng | MF Paris"",""metaDescription"":""CCD chính hãng tại MF Paris với Zytolia và sản phẩm bổ sung cho sức khỏe nữ giới. Xem thành phần, quy cách, cách dùng và giá bán để chọn sản phẩm phù hợp."",""focusKeyword"":""CCD chính hãng"",""breadcrumbLabel"":""CCD"",""ogTitle"":""CCD Chính Hãng | MF Paris"",""ogDescription"":""Khám phá sản phẩm CCD chính hãng tại MF Paris. Xem thông tin, giá bán và lựa chọn sản phẩm phù hợp."",""ogImage"":null,""twitterImage"":null,""robotsIndex"":""index"",""robotsFollow"":""follow"",""canonicalOverride"":null,""sitemapInclude"":true,""sitemapPriority"":0.7,""sitemapChangeFrequency"":""weekly"",""schemaType"":""CollectionPage"",""customJsonLd"":null}"
brands,872,Cavailles,cavailles,Cavailles Chính Hãng,"{""metaTitle"":""Chăm sóc cá nhân Cavailles chính hãng | MF Paris"",""metaDescription"":""Cavailles chính hãng tại MF Paris với sản phẩm khử mùi, làm sạch và vệ sinh vùng kín. Xem thành phần, quy cách, cách dùng và giá bán để chọn sản phẩm phù hợp."",""focusKeyword"":""Cavailles chính hãng"",""breadcrumbLabel"":""Cavailles"",""ogTitle"":""Cavailles Chính Hãng | MF Paris"",""ogDescription"":""Cavaillès là thương hiệu dược mỹ phẩm đến từ Pháp, được nhiều khách hàng biết đến qua các sản phẩm làm sạch dịu nhẹ cho da nhạy cảm, đặc biệt là dung dịch vệ "",""ogImage"":null,""twitterImage"":null,""robotsIndex"":""index"",""robotsFollow"":""follow"",""canonicalOverride"":null,""sitemapInclude"":true,""sitemapPriority"":0.7,""sitemapChangeFrequency"":""weekly"",""schemaType"":""CollectionPage"",""customJsonLd"":null}"
brands,871,Caudalie,caudalie,Caudalie Chính Hãng,"{""metaTitle"":""Chăm sóc da và cơ thể Caudalie chính hãng | MF Paris"",""metaDescription"":""Caudalie chính hãng tại MF Paris với Premier Cru, dầu dưỡng thể và các bộ quà tặng. Xem thành phần, quy cách, cách dùng và giá bán để chọn sản phẩm phù hợp."",""focusKeyword"":""Caudalie chính hãng"",""breadcrumbLabel"":""Caudalie"",""ogTitle"":""Caudalie Chính Hãng | MF Paris"",""ogDescription"":""Caudalie là công ty chăm sóc da và mỹ phẩm cao cấp tại pháp.Caudalie được thành lập vào năm 1995 và thuộc sở hữu của Bertrand và Mathilde Thomas. Caudalie cun"",""ogImage"":null,""twitterImage"":null,""robotsIndex"":""index"",""robotsFollow"":""follow"",""canonicalOverride"":null,""sitemapInclude"":true,""sitemapPriority"":0.7,""sitemapChangeFrequency"":""weekly"",""schemaType"":""CollectionPage"",""customJsonLd"":null}"
brands,870,Casmara,casmara,Casmara Chính Hãng,"{""metaTitle"":""Chăm sóc da Casmara chính hãng | MF Paris"",""metaDescription"":""Casmara chính hãng tại MF Paris với serum, chống nắng và sản phẩm cho da dầu mụn. Xem thành phần, quy cách, cách dùng và giá bán để chọn sản phẩm phù hợp."",""focusKeyword"":""Casmara chính hãng"",""breadcrumbLabel"":""Casmara"",""ogTitle"":""Casmara Chính Hãng | MF Paris"",""ogDescription"":""Có những thương hiệu mỹ phẩm nổi lên nhờ xu hướng. Cũng có những thương hiệu không quá ồn ào trên mạng xã hội, nhưng lại được yêu thích trong các spa, clinic "",""ogImage"":null,""twitterImage"":null,""robotsIndex"":""index"",""robotsFollow"":""follow"",""canonicalOverride"":null,""sitemapInclude"":true,""sitemapPriority"":0.7,""sitemapChangeFrequency"":""weekly"",""schemaType"":""CollectionPage"",""customJsonLd"":null}"
brands,869,Carven,carven,Carven Chính Hãng,"{""metaTitle"":""Nước hoa và sữa tắm Carven chính hãng | MF Paris"",""metaDescription"":""Carven chính hãng tại MF Paris với sữa tắm hương nước hoa L'Absolu và chăm sóc cơ thể. Xem thành phần, quy cách, cách dùng và giá bán để chọn sản phẩm phù hợp."",""focusKeyword"":""Carven chính hãng"",""breadcrumbLabel"":""Carven"",""ogTitle"":""Carven Chính Hãng | MF Paris"",""ogDescription"":""Khám phá sản phẩm Carven chính hãng tại MF Paris. Xem thông tin, giá bán và lựa chọn sản phẩm phù hợp."",""ogImage"":null,""twitterImage"":null,""robotsIndex"":""index"",""robotsFollow"":""follow"",""canonicalOverride"":null,""sitemapInclude"":true,""sitemapPriority"":0.7,""sitemapChangeFrequency"":""weekly"",""schemaType"":""CollectionPage"",""customJsonLd"":null}"
brands,868,Cartia,cartia,Cartia Chính Hãng,"{""metaTitle"":""Cartia: Thông tin sản phẩm | MF Paris"",""metaDescription"":""Tìm hiểu thông tin sản phẩm Cartia tại MF Paris. Tham khảo thành phần, dạng dùng, quy cách và hướng dẫn sử dụng trước khi lựa chọn sản phẩm."",""focusKeyword"":""Cartia chính hãng"",""breadcrumbLabel"":""Cartia"",""ogTitle"":""Cartia Chính Hãng | MF Paris"",""ogDescription"":""Khám phá sản phẩm Cartia chính hãng tại MF Paris. Xem thông tin, giá bán và lựa chọn sản phẩm phù hợp."",""ogImage"":null,""twitterImage"":null,""robotsIndex"":""index"",""robotsFollow"":""follow"",""canonicalOverride"":null,""sitemapInclude"":true,""sitemapPriority"":0.7,""sitemapChangeFrequency"":""weekly"",""schemaType"":""CollectionPage"",""customJsonLd"":null}"
brands,867,Cancer Council,cancer-council,Cancer Council Chính Hãng,"{""metaTitle"":""Kem chống nắng Cancer Council chính hãng | MF Paris"",""metaDescription"":""Cancer Council chính hãng tại MF Paris với kem chống nắng, serum và son dưỡng SPF 50+. Xem thành phần, quy cách, cách dùng và giá bán để chọn sản phẩm phù hợp."",""focusKeyword"":""Cancer Council chính hãng"",""breadcrumbLabel"":""Cancer Council"",""ogTitle"":""Cancer Council Chính Hãng | MF Paris"",""ogDescription"":""Khám phá sản phẩm Cancer Council chính hãng tại MF Paris. Xem thông tin, giá bán và lựa chọn sản phẩm phù hợp."",""ogImage"":null,""twitterImage"":null,""robotsIndex"":""index"",""robotsFollow"":""follow"",""canonicalOverride"":null,""sitemapInclude"":true,""sitemapPriority"":0.7,""sitemapChangeFrequency"":""weekly"",""schemaType"":""CollectionPage"",""customJsonLd"":null}"
brands,866,Calvin Klein,calvin-klein,Calvin Klein Chính Hãng,"{""metaTitle"":""Nước hoa Calvin Klein chính hãng | MF Paris"",""metaDescription"":""Nước hoa Calvin Klein chính hãng tại MF Paris với CK One, CK Everyone và Beauty. So sánh phiên bản, nồng độ, dung tích và giá bán để chọn mùi phù hợp."",""focusKeyword"":""Calvin Klein chính hãng"",""breadcrumbLabel"":""Calvin Klein"",""ogTitle"":""Calvin Klein Chính Hãng | MF Paris"",""ogDescription"":""Calvin Klein hay CK là một thương hiệu thời trang và nước hoa mỹ lâu đời, nổi tiếng của Mỹ, được nhà thiết kế cùng tên Calvin Klein thành lập năm 1968. Trụ sở"",""ogImage"":null,""twitterImage"":null,""robotsIndex"":""index"",""robotsFollow"":""follow"",""canonicalOverride"":null,""sitemapInclude"":true,""sitemapPriority"":0.7,""sitemapChangeFrequency"":""weekly"",""schemaType"":""CollectionPage"",""customJsonLd"":null}"
brands,865,Cacherel,cacherel,Cacherel Chính Hãng,"{""metaTitle"":""Nước hoa Cacharel chính hãng | MF Paris"",""metaDescription"":""Nước hoa Cacharel chính hãng tại MF Paris với Yes I Am Delicious. So sánh phiên bản, nồng độ, dung tích và giá bán để chọn mùi phù hợp."",""focusKeyword"":""Cacherel chính hãng"",""breadcrumbLabel"":""Cacherel"",""ogTitle"":""Cacherel Chính Hãng | MF Paris"",""ogDescription"":""Khám phá sản phẩm Cacherel chính hãng tại MF Paris. Xem thông tin, giá bán và lựa chọn sản phẩm phù hợp."",""ogImage"":null,""twitterImage"":null,""robotsIndex"":""index"",""robotsFollow"":""follow"",""canonicalOverride"":null,""sitemapInclude"":true,""sitemapPriority"":0.7,""sitemapChangeFrequency"":""weekly"",""schemaType"":""CollectionPage"",""customJsonLd"":null}"
brands,864,Byredo,byredo,Byredo Chính Hãng,"{""metaTitle"":""Nước hoa Byredo chính hãng | MF Paris"",""metaDescription"":""Nước hoa Byredo chính hãng tại MF Paris với Gypsy Water và Mojave Ghost. So sánh phiên bản, nồng độ, dung tích và giá bán để chọn mùi phù hợp."",""focusKeyword"":""Byredo chính hãng"",""breadcrumbLabel"":""Byredo"",""ogTitle"":""Byredo Chính Hãng | MF Paris"",""ogDescription"":""Người sáng lập tương lai của thương hiệu Nước Hoa Byredo nổi tiếng, Ben Gorham, người gốc Thụy Điển, được đào tạo về nghệ thuật, nhưng tài năng của ông không "",""ogImage"":null,""twitterImage"":null,""robotsIndex"":""index"",""robotsFollow"":""follow"",""canonicalOverride"":null,""sitemapInclude"":true,""sitemapPriority"":0.7,""sitemapChangeFrequency"":""weekly"",""schemaType"":""CollectionPage"",""customJsonLd"":null}"
brands,863,Bvlgari,bvlgari,Bvlgari Chính Hãng,"{""metaTitle"":""Nước hoa Bvlgari chính hãng | MF Paris"",""metaDescription"":""Nước hoa Bvlgari chính hãng tại MF Paris với Aqva và Man. So sánh phiên bản, nồng độ, dung tích và giá bán để chọn mùi phù hợp."",""focusKeyword"":""Bvlgari chính hãng"",""breadcrumbLabel"":""Bvlgari"",""ogTitle"":""Bvlgari Chính Hãng | MF Paris"",""ogDescription"":""Bvlgari hay Bulgari là một thương hiệu có nguồn gốc từ Ý, được biết đến như một thương hiệu xa xỉ toàn cầu, chuyên về các sản phẩm trang sức, đồng hồ, nước ho"",""ogImage"":null,""twitterImage"":null,""robotsIndex"":""index"",""robotsFollow"":""follow"",""canonicalOverride"":null,""sitemapInclude"":true,""sitemapPriority"":0.7,""sitemapChangeFrequency"":""weekly"",""schemaType"":""CollectionPage"",""customJsonLd"":null}"
brands,862,Burberry,burberry,Burberry Chính Hãng,"{""metaTitle"":""Nước hoa Burberry chính hãng | MF Paris"",""metaDescription"":""Nước hoa Burberry chính hãng tại MF Paris với Her và Hero. So sánh phiên bản, nồng độ, dung tích và giá bán để chọn mùi phù hợp."",""focusKeyword"":""Burberry chính hãng"",""breadcrumbLabel"":""Burberry"",""ogTitle"":""Burberry Chính Hãng | MF Paris"",""ogDescription"":""Nước hoa burberry lâu nay luôn gắn liền trong tâm trí tín đồ nước hoa với sự sang trọng của hoàng gia Anh quốc. Những mùi hương của họ luôn mang đến điều gì đ"",""ogImage"":null,""twitterImage"":null,""robotsIndex"":""index"",""robotsFollow"":""follow"",""canonicalOverride"":null,""sitemapInclude"":true,""sitemapPriority"":0.7,""sitemapChangeFrequency"":""weekly"",""schemaType"":""CollectionPage"",""customJsonLd"":null}"
brands,861,Britney Spears,britney-spears,Britney Spears Chính Hãng,"{""metaTitle"":""Nước hoa Britney Spears chính hãng | MF Paris"",""metaDescription"":""Nước hoa Britney Spears chính hãng tại MF Paris với Fantasy và Curious. So sánh phiên bản, nồng độ, dung tích và giá bán để chọn mùi phù hợp."",""focusKeyword"":""Britney Spears chính hãng"",""breadcrumbLabel"":""Britney Spears"",""ogTitle"":""Britney Spears Chính Hãng | MF Paris"",""ogDescription"":""Khi ca sĩ người Mỹ quyết định ra mắt thương hiệu mỹ phẩm và nước hoa của riêng mình, Britney Spears , các nhà phê bình đã đối xử khá lạnh lùng với ý tưởng của"",""ogImage"":null,""twitterImage"":null,""robotsIndex"":""index"",""robotsFollow"":""follow"",""canonicalOverride"":null,""sitemapInclude"":true,""sitemapPriority"":0.7,""sitemapChangeFrequency"":""weekly"",""schemaType"":""CollectionPage"",""customJsonLd"":null}"
brands,860,Bond No.9,bond-no-9,Bond No.9 Chính Hãng,"{""metaTitle"":""Nước hoa Bond No.9 chính hãng | MF Paris"",""metaDescription"":""Nước hoa Bond No.9 chính hãng tại MF Paris với Bryant Park. So sánh phiên bản, nồng độ, dung tích và giá bán để chọn mùi phù hợp."",""focusKeyword"":""Bond No.9 chính hãng"",""breadcrumbLabel"":""Bond No.9"",""ogTitle"":""Bond No.9 Chính Hãng | MF Paris"",""ogDescription"":""Khám phá sản phẩm Bond No.9 chính hãng tại MF Paris. Xem thông tin, giá bán và lựa chọn sản phẩm phù hợp."",""ogImage"":null,""twitterImage"":null,""robotsIndex"":""index"",""robotsFollow"":""follow"",""canonicalOverride"":null,""sitemapInclude"":true,""sitemapPriority"":0.7,""sitemapChangeFrequency"":""weekly"",""schemaType"":""CollectionPage"",""customJsonLd"":null}"
brands,859,Blackmores,blackmores,Blackmores Chính Hãng,"{""metaTitle"":""Vitamin và khoáng chất Blackmores chính hãng | MF Paris"",""metaDescription"":""Blackmores chính hãng tại MF Paris với Ginkgoforte, CoQ10 và vitamin Superkids. Xem thành phần, quy cách, cách dùng và giá bán để chọn sản phẩm phù hợp."",""focusKeyword"":""Blackmores chính hãng"",""breadcrumbLabel"":""Blackmores"",""ogTitle"":""Blackmores Chính Hãng | MF Paris"",""ogDescription"":""Blackmores là công ty hàng đầu về sức khỏe tự nhiên của Úc. Dựa trên tầm nhìn của người sáng lập Maurice Blackmore (1906-1977), chúng tôi đam mê sức khỏe tự n"",""ogImage"":null,""twitterImage"":null,""robotsIndex"":""index"",""robotsFollow"":""follow"",""canonicalOverride"":null,""sitemapInclude"":true,""sitemapPriority"":0.7,""sitemapChangeFrequency"":""weekly"",""schemaType"":""CollectionPage"",""customJsonLd"":null}"
brands,858,Bion 3,bion-3,Bion 3 Chính Hãng,"{""metaTitle"":""Vitamin và men vi sinh Bion 3 chính hãng | MF Paris"",""metaDescription"":""Bion 3 chính hãng tại MF Paris với Defense Junior và Vitality cho từng nhu cầu bổ sung. Xem thành phần, quy cách, cách dùng và giá bán để chọn sản phẩm phù hợp."",""focusKeyword"":""Bion 3 chính hãng"",""breadcrumbLabel"":""Bion 3"",""ogTitle"":""Bion 3 Chính Hãng | MF Paris"",""ogDescription"":""Bion 3 được phát triển bởi các nhà khoa học của Bayer AG, một công ty dược phẩm của Đức. Sản phẩm này được nghiên cứu trong hơn 10 năm và được phát hành lần đ"",""ogImage"":null,""twitterImage"":null,""robotsIndex"":""index"",""robotsFollow"":""follow"",""canonicalOverride"":null,""sitemapInclude"":true,""sitemapPriority"":0.7,""sitemapChangeFrequency"":""weekly"",""schemaType"":""CollectionPage"",""customJsonLd"":null}"
brands,857,BioGaia,biogaia,BioGaia Chính Hãng,"{""metaTitle"":""Men vi sinh BioGaia chính hãng | MF Paris"",""metaDescription"":""BioGaia chính hãng tại MF Paris với viên ngậm Prodentis chăm sóc hệ vi sinh răng miệng. Xem thành phần, quy cách, cách dùng và giá bán để chọn sản phẩm phù hợp."",""focusKeyword"":""BioGaia chính hãng"",""breadcrumbLabel"":""BioGaia"",""ogTitle"":""BioGaia Chính Hãng | MF Paris"",""ogDescription"":""Khám phá sản phẩm BioGaia chính hãng tại MF Paris. Xem thông tin, giá bán và lựa chọn sản phẩm phù hợp."",""ogImage"":null,""twitterImage"":null,""robotsIndex"":""index"",""robotsFollow"":""follow"",""canonicalOverride"":null,""sitemapInclude"":true,""sitemapPriority"":0.7,""sitemapChangeFrequency"":""weekly"",""schemaType"":""CollectionPage"",""customJsonLd"":null}"
brands,856,Bioderma,bioderma,Bioderma Chính Hãng,"{""metaTitle"":""Dược mỹ phẩm Bioderma chính hãng | MF Paris"",""metaDescription"":""Bioderma chính hãng tại MF Paris với tẩy trang, chống nắng và chăm sóc da đầu Nodé. Xem thành phần, quy cách, cách dùng và giá bán để chọn sản phẩm phù hợp."",""focusKeyword"":""Bioderma chính hãng"",""breadcrumbLabel"":""Bioderma"",""ogTitle"":""Bioderma Chính Hãng | MF Paris"",""ogDescription"":""Bioderma là một thương hiệu mỹ phẩm chăm sóc da nổi tiếng được thành lập vào năm 1977 tại Pháp. Với sứ mệnh tạo ra các sản phẩm chăm sóc da dịu nhẹ và hiệu qu"",""ogImage"":null,""twitterImage"":null,""robotsIndex"":""index"",""robotsFollow"":""follow"",""canonicalOverride"":null,""sitemapInclude"":true,""sitemapPriority"":0.7,""sitemapChangeFrequency"":""weekly"",""schemaType"":""CollectionPage"",""customJsonLd"":null}"
brands,855,Biocyte,biocyte,Biocyte Chính Hãng,"{""metaTitle"":""Thực phẩm bổ sung Biocyte chính hãng | MF Paris"",""metaDescription"":""Biocyte chính hãng tại MF Paris với collagen, vitamin và sản phẩm bổ sung cho da, tóc. Xem thành phần, quy cách, cách dùng và giá bán để chọn sản phẩm phù hợp."",""focusKeyword"":""Biocyte chính hãng"",""breadcrumbLabel"":""Biocyte"",""ogTitle"":""Biocyte Chính Hãng | MF Paris"",""ogDescription"":""Khi nói đến làm đẹp, Pháp luôn là cái tên tiên phong với những triết lý chăm sóc da tinh tế và hiệu quả. Vượt ra ngoài các sản phẩm thoa ngoài, xu hướng làm đ"",""ogImage"":null,""twitterImage"":null,""robotsIndex"":""index"",""robotsFollow"":""follow"",""canonicalOverride"":null,""sitemapInclude"":true,""sitemapPriority"":0.7,""sitemapChangeFrequency"":""weekly"",""schemaType"":""CollectionPage"",""customJsonLd"":null}"
brands,854,Bio Glow,bio-glow,Bio Glow Chính Hãng,"{""metaTitle"":""Chăm sóc da Bio Glow chính hãng | MF Paris"",""metaDescription"":""Bio Glow chính hãng tại MF Paris với serum Q10 và sản phẩm dưỡng da. Xem thành phần, quy cách, cách dùng và giá bán để chọn sản phẩm phù hợp."",""focusKeyword"":""Bio Glow chính hãng"",""breadcrumbLabel"":""Bio Glow"",""ogTitle"":""Bio Glow Chính Hãng | MF Paris"",""ogDescription"":""Bio Glow ở đây để mang đến cho bạn làn da đẹp nhất. Thương hiệu thuần chay này sử dụng sức mạnh của các thành phần tự nhiên để nuôi dưỡng sâu và làm sáng làn "",""ogImage"":null,""twitterImage"":null,""robotsIndex"":""index"",""robotsFollow"":""follow"",""canonicalOverride"":null,""sitemapInclude"":true,""sitemapPriority"":0.7,""sitemapChangeFrequency"":""weekly"",""schemaType"":""CollectionPage"",""customJsonLd"":null}"
brands,853,Billie Eilish,billie-eilish,Billie Eilish Chính Hãng,"{""metaTitle"":""Nước hoa Billie Eilish chính hãng | MF Paris"",""metaDescription"":""Nước hoa Billie Eilish chính hãng tại MF Paris với Eilish, No.2 và No.3. So sánh phiên bản, nồng độ, dung tích và giá bán để chọn mùi phù hợp."",""focusKeyword"":""Billie Eilish chính hãng"",""breadcrumbLabel"":""Billie Eilish"",""ogTitle"":""Billie Eilish Chính Hãng | MF Paris"",""ogDescription"":""Khám phá sản phẩm Billie Eilish chính hãng tại MF Paris. Xem thông tin, giá bán và lựa chọn sản phẩm phù hợp."",""ogImage"":null,""twitterImage"":null,""robotsIndex"":""index"",""robotsFollow"":""follow"",""canonicalOverride"":null,""sitemapInclude"":true,""sitemapPriority"":0.7,""sitemapChangeFrequency"":""weekly"",""schemaType"":""CollectionPage"",""customJsonLd"":null}"
brands,852,Bickfords,bickfords,Bickfords Chính Hãng,"{""metaTitle"":""Nước ép trái cây Bickfords chính hãng | MF Paris"",""metaDescription"":""Bickfords chính hãng tại MF Paris với nước ép mận Prune Juice và thông tin quy cách. Xem thành phần, quy cách, cách dùng và giá bán để chọn sản phẩm phù hợp."",""focusKeyword"":""Bickfords chính hãng"",""breadcrumbLabel"":""Bickfords"",""ogTitle"":""Bickfords Chính Hãng | MF Paris"",""ogDescription"":""Bickfords là một thương hiệu nước giải khát của Úc được thành lập vào năm 1874 bởi John Bickford. Thương hiệu được biết đến với các sản phẩm nước giải khát có"",""ogImage"":null,""twitterImage"":null,""robotsIndex"":""index"",""robotsFollow"":""follow"",""canonicalOverride"":null,""sitemapInclude"":true,""sitemapPriority"":0.7,""sitemapChangeFrequency"":""weekly"",""schemaType"":""CollectionPage"",""customJsonLd"":null}"
brands,851,Besins Healthcare,besins-healthcare,Besins Healthcare Chính Hãng,"{""metaTitle"":""Chăm sóc phụ khoa Besins Healthcare chính hãng | MF Paris"",""metaDescription"":""Besins Healthcare chính hãng tại MF Paris với sản phẩm Candazol Gé và thông tin chăm sóc phụ khoa. Xem thành phần, quy cách, cách dùng và giá bán."",""focusKeyword"":""Besins Healthcare chính hãng"",""breadcrumbLabel"":""Besins Healthcare"",""ogTitle"":""Besins Healthcare Chính Hãng | MF Paris"",""ogDescription"":""Khám phá sản phẩm Besins Healthcare chính hãng tại MF Paris. Xem thông tin, giá bán và lựa chọn sản phẩm phù hợp."",""ogImage"":null,""twitterImage"":null,""robotsIndex"":""index"",""robotsFollow"":""follow"",""canonicalOverride"":null,""sitemapInclude"":true,""sitemapPriority"":0.7,""sitemapChangeFrequency"":""weekly"",""schemaType"":""CollectionPage"",""customJsonLd"":null}"
brands,850,Bentley,bentley,Bentley Chính Hãng,"{""metaTitle"":""Nước hoa Bentley chính hãng | MF Paris"",""metaDescription"":""Nước hoa Bentley chính hãng tại MF Paris với For Men Intense. So sánh phiên bản, nồng độ, dung tích và giá bán để chọn mùi phù hợp."",""focusKeyword"":""Bentley chính hãng"",""breadcrumbLabel"":""Bentley"",""ogTitle"":""Bentley Chính Hãng | MF Paris"",""ogDescription"":""Khám phá sản phẩm Bentley chính hãng tại MF Paris. Xem thông tin, giá bán và lựa chọn sản phẩm phù hợp."",""ogImage"":null,""twitterImage"":null,""robotsIndex"":""index"",""robotsFollow"":""follow"",""canonicalOverride"":null,""sitemapInclude"":true,""sitemapPriority"":0.7,""sitemapChangeFrequency"":""weekly"",""schemaType"":""CollectionPage"",""customJsonLd"":null}"
brands,849,BDK Parfums,bdk-parfums,BDK Parfums Chính Hãng,"{""metaTitle"":""Nước hoa BDK Parfums chính hãng | MF Paris"",""metaDescription"":""Nước hoa BDK Parfums chính hãng tại MF Paris với Gris Charnel và Rouge Smoking. So sánh phiên bản, nồng độ, dung tích và giá bán để chọn mùi phù hợp."",""focusKeyword"":""BDK Parfums chính hãng"",""breadcrumbLabel"":""BDK Parfums"",""ogTitle"":""BDK Parfums Chính Hãng | MF Paris"",""ogDescription"":""Khám phá sản phẩm BDK Parfums chính hãng tại MF Paris. Xem thông tin, giá bán và lựa chọn sản phẩm phù hợp."",""ogImage"":null,""twitterImage"":null,""robotsIndex"":""index"",""robotsFollow"":""follow"",""canonicalOverride"":null,""sitemapInclude"":true,""sitemapPriority"":0.7,""sitemapChangeFrequency"":""weekly"",""schemaType"":""CollectionPage"",""customJsonLd"":null}"
brands,848,Banana Republic,banana-republic,Banana Republic Chính Hãng,"{""metaTitle"":""Nước hoa Banana Republic chính hãng | MF Paris"",""metaDescription"":""Nước hoa Banana Republic chính hãng tại MF Paris với Dark Cherry & Amber. So sánh phiên bản, nồng độ, dung tích và giá bán để chọn mùi phù hợp."",""focusKeyword"":""Banana Republic chính hãng"",""breadcrumbLabel"":""Banana Republic"",""ogTitle"":""Banana Republic Chính Hãng | MF Paris"",""ogDescription"":""Khám phá sản phẩm Banana Republic chính hãng tại MF Paris. Xem thông tin, giá bán và lựa chọn sản phẩm phù hợp."",""ogImage"":null,""twitterImage"":null,""robotsIndex"":""index"",""robotsFollow"":""follow"",""canonicalOverride"":null,""sitemapInclude"":true,""sitemapPriority"":0.7,""sitemapChangeFrequency"":""weekly"",""schemaType"":""CollectionPage"",""customJsonLd"":null}"
brands,847,Bailleul,bailleul,Bailleul Chính Hãng,"{""metaTitle"":""Chăm sóc da và tóc Bailleul chính hãng | MF Paris"",""metaDescription"":""Bailleul chính hãng tại MF Paris với Cystiphane, Minoxidil và Effederm. Xem thành phần, quy cách, cách dùng và giá bán để chọn sản phẩm phù hợp."",""focusKeyword"":""Bailleul chính hãng"",""breadcrumbLabel"":""Bailleul"",""ogTitle"":""Bailleul Chính Hãng | MF Paris"",""ogDescription"":""Khám phá sản phẩm Bailleul chính hãng tại MF Paris. Xem thông tin, giá bán và lựa chọn sản phẩm phù hợp."",""ogImage"":null,""twitterImage"":null,""robotsIndex"":""index"",""robotsFollow"":""follow"",""canonicalOverride"":null,""sitemapInclude"":true,""sitemapPriority"":0.7,""sitemapChangeFrequency"":""weekly"",""schemaType"":""CollectionPage"",""customJsonLd"":null}"
brands,846,Azzaro,azzaro,Azzaro Chính Hãng,"{""metaTitle"":""Nước hoa Azzaro chính hãng | MF Paris"",""metaDescription"":""Nước hoa Azzaro chính hãng tại MF Paris với Chrome và Wanted. So sánh phiên bản, nồng độ, dung tích và giá bán để chọn mùi phù hợp."",""focusKeyword"":""Azzaro chính hãng"",""breadcrumbLabel"":""Azzaro"",""ogTitle"":""Azzaro Chính Hãng | MF Paris"",""ogDescription"":""Azzaro là một thương hiệu nước hoa danh tiếng được thành lập bởi nhà thiết kế người Pháp Loris Azzaro vào những năm 1960. Thương hiệu này nổi tiếng với sự tin"",""ogImage"":null,""twitterImage"":null,""robotsIndex"":""index"",""robotsFollow"":""follow"",""canonicalOverride"":null,""sitemapInclude"":true,""sitemapPriority"":0.7,""sitemapChangeFrequency"":""weekly"",""schemaType"":""CollectionPage"",""customJsonLd"":null}"
brands,845,Atyab Al Marshoud,atyab-al-marshoud,Atyab Al Marshoud Chính Hãng,"{""metaTitle"":""Nước hoa Atyab Al Marshoud chính hãng | MF Paris"",""metaDescription"":""Tìm hiểu nước hoa Atyab Al Marshoud tại MF Paris. So sánh phiên bản, nồng độ, dung tích và giá bán để chọn mùi phù hợp."",""focusKeyword"":""Atyab Al Marshoud chính hãng"",""breadcrumbLabel"":""Atyab Al Marshoud"",""ogTitle"":""Atyab Al Marshoud Chính Hãng | MF Paris"",""ogDescription"":""Được thành lập vào năm 2015 và có trụ sở tại Dubai (UAE), thương hiệu Attar Collection là biểu tượng của sự sang trọng trong thế giới nước hoa. Tập trung vào "",""ogImage"":null,""twitterImage"":null,""robotsIndex"":""index"",""robotsFollow"":""follow"",""canonicalOverride"":null,""sitemapInclude"":true,""sitemapPriority"":0.7,""sitemapChangeFrequency"":""weekly"",""schemaType"":""CollectionPage"",""customJsonLd"":null}"
brands,844,Attar Collection,attar-collection,Attar Collection Chính Hãng,"{""metaTitle"":""Nước hoa Attar Collection chính hãng | MF Paris"",""metaDescription"":""Nước hoa Attar Collection chính hãng tại MF Paris với Musk Kashmir. So sánh phiên bản, nồng độ, dung tích và giá bán để chọn mùi phù hợp."",""focusKeyword"":""Attar Collection chính hãng"",""breadcrumbLabel"":""Attar Collection"",""ogTitle"":""Attar Collection Chính Hãng | MF Paris"",""ogDescription"":""Khám phá sản phẩm Attar Collection chính hãng tại MF Paris. Xem thông tin, giá bán và lựa chọn sản phẩm phù hợp."",""ogImage"":null,""twitterImage"":null,""robotsIndex"":""index"",""robotsFollow"":""follow"",""canonicalOverride"":null,""sitemapInclude"":true,""sitemapPriority"":0.7,""sitemapChangeFrequency"":""weekly"",""schemaType"":""CollectionPage"",""customJsonLd"":null}"
brands,843,Atelier Des Ors,atelier-des-ors,Atelier Des Ors Chính Hãng,"{""metaTitle"":""Nước hoa Atelier Des Ors chính hãng | MF Paris"",""metaDescription"":""Nước hoa Atelier Des Ors chính hãng tại MF Paris với Nuda Veritas và Pink Me Up. So sánh phiên bản, nồng độ, dung tích và giá bán để chọn mùi phù hợp."",""focusKeyword"":""Atelier Des Ors chính hãng"",""breadcrumbLabel"":""Atelier Des Ors"",""ogTitle"":""Atelier Des Ors Chính Hãng | MF Paris"",""ogDescription"":""Khám phá sản phẩm Atelier Des Ors chính hãng tại MF Paris. Xem thông tin, giá bán và lựa chọn sản phẩm phù hợp."",""ogImage"":null,""twitterImage"":null,""robotsIndex"":""index"",""robotsFollow"":""follow"",""canonicalOverride"":null,""sitemapInclude"":true,""sitemapPriority"":0.7,""sitemapChangeFrequency"":""weekly"",""schemaType"":""CollectionPage"",""customJsonLd"":null}"
brands,842,Arkopharma,arkopharma,Arkopharma Chính Hãng,"{""metaTitle"":""Thực phẩm bổ sung Arkopharma chính hãng | MF Paris"",""metaDescription"":""Arkopharma chính hãng tại MF Paris với Arkofluides, Arkogélules và sản phẩm bổ sung dinh dưỡng. Xem thành phần, quy cách, cách dùng và giá bán."",""focusKeyword"":""Arkopharma chính hãng"",""breadcrumbLabel"":""Arkopharma"",""ogTitle"":""Arkopharma Chính Hãng | MF Paris"",""ogDescription"":""Trong bối cảnh thị trường thực phẩm chức năng ngày càng phức tạp, người tiêu dùng thông thái luôn tìm kiếm những giá trị cốt lõi: sự minh bạch, nền tảng khoa "",""ogImage"":null,""twitterImage"":null,""robotsIndex"":""index"",""robotsFollow"":""follow"",""canonicalOverride"":null,""sitemapInclude"":true,""sitemapPriority"":0.7,""sitemapChangeFrequency"":""weekly"",""schemaType"":""CollectionPage"",""customJsonLd"":null}"
brands,841,Ariana Grande,ariana-grande,Ariana Grande Chính Hãng,"{""metaTitle"":""Nước hoa Ariana Grande chính hãng | MF Paris"",""metaDescription"":""Nước hoa Ariana Grande chính hãng tại MF Paris với Cloud, R.E.M. và Moonlight. So sánh phiên bản, nồng độ, dung tích và giá bán để chọn mùi phù hợp."",""focusKeyword"":""Ariana Grande chính hãng"",""breadcrumbLabel"":""Ariana Grande"",""ogTitle"":""Ariana Grande Chính Hãng | MF Paris"",""ogDescription"":""Nước hoa được sản xuất bởi các thương hiệu nổi tiếng không chỉ phổ biến với người hâm mộ của họ, bởi vì chúng được tạo ra theo hợp đồng trong các nhà máy được"",""ogImage"":null,""twitterImage"":null,""robotsIndex"":""index"",""robotsFollow"":""follow"",""canonicalOverride"":null,""sitemapInclude"":true,""sitemapPriority"":0.7,""sitemapChangeFrequency"":""weekly"",""schemaType"":""CollectionPage"",""customJsonLd"":null}"
brands,840,Anna Sui,anna-sui,Anna Sui Chính Hãng,"{""metaTitle"":""Nước hoa Anna Sui chính hãng | MF Paris"",""metaDescription"":""Nước hoa Anna Sui chính hãng tại MF Paris với Sky và Sundae. So sánh phiên bản, nồng độ, dung tích và giá bán để chọn mùi phù hợp."",""focusKeyword"":""Anna Sui chính hãng"",""breadcrumbLabel"":""Anna Sui"",""ogTitle"":""Anna Sui Chính Hãng | MF Paris"",""ogDescription"":""Anna Sui là một thương hiệu thời trang cao cấp của Mỹ được thành lập vào năm 1980 bởi nhà thiết kế cùng tên. Thương hiệu được biết đến với phong cách retro-ch"",""ogImage"":null,""twitterImage"":null,""robotsIndex"":""index"",""robotsFollow"":""follow"",""canonicalOverride"":null,""sitemapInclude"":true,""sitemapPriority"":0.7,""sitemapChangeFrequency"":""weekly"",""schemaType"":""CollectionPage"",""customJsonLd"":null}"
brands,839,Amouage,amouage,Amouage Chính Hãng,"{""metaTitle"":""Nước hoa Amouage chính hãng | MF Paris"",""metaDescription"":""Nước hoa Amouage chính hãng tại MF Paris với Interlude Black Iris và Overture Man. So sánh phiên bản, nồng độ, dung tích và giá bán để chọn mùi phù hợp."",""focusKeyword"":""Amouage chính hãng"",""breadcrumbLabel"":""Amouage"",""ogTitle"":""Amouage Chính Hãng | MF Paris"",""ogDescription"":""Sự hồi sinh của truyền thống thơm Ả Rập đã tìm thấy hiện thân của nó trong các loại nước hoa của thương hiệu xa xỉ Amouage . Nước hoa được tạo ra bởi những bậ"",""ogImage"":null,""twitterImage"":null,""robotsIndex"":""index"",""robotsFollow"":""follow"",""canonicalOverride"":null,""sitemapInclude"":true,""sitemapPriority"":0.7,""sitemapChangeFrequency"":""weekly"",""schemaType"":""CollectionPage"",""customJsonLd"":null}"
brands,838,Alexandria Fragrances,alexandria-fragrances,Alexandria Fragrances Chính Hãng,"{""metaTitle"":""Nước hoa Alexandria Fragrances chính hãng | MF Paris"",""metaDescription"":""Nước hoa Alexandria Fragrances chính hãng tại MF Paris với Cali Love và Black Panther. So sánh phiên bản, nồng độ, dung tích và giá bán để chọn mùi phù hợp."",""focusKeyword"":""Alexandria Fragrances chính hãng"",""breadcrumbLabel"":""Alexandria Fragrances"",""ogTitle"":""Alexandria Fragrances Chính Hãng | MF Paris"",""ogDescription"":""Khám phá sản phẩm Alexandria Fragrances chính hãng tại MF Paris. Xem thông tin, giá bán và lựa chọn sản phẩm phù hợp."",""ogImage"":null,""twitterImage"":null,""robotsIndex"":""index"",""robotsFollow"":""follow"",""canonicalOverride"":null,""sitemapInclude"":true,""sitemapPriority"":0.7,""sitemapChangeFrequency"":""weekly"",""schemaType"":""CollectionPage"",""customJsonLd"":null}"
brands,837,Alaia Paris,alaia-paris,Alaia Paris Chính Hãng,"{""metaTitle"":""Nước hoa Alaia Paris chính hãng | MF Paris"",""metaDescription"":""Nước hoa Alaia Paris chính hãng tại MF Paris với Alaïa Eau de Parfum. So sánh phiên bản, nồng độ, dung tích và giá bán để chọn mùi phù hợp."",""focusKeyword"":""Alaia Paris chính hãng"",""breadcrumbLabel"":""Alaia Paris"",""ogTitle"":""Alaia Paris Chính Hãng | MF Paris"",""ogDescription"":""Người sáng lập thương hiệu Alaia Paris là nhà couturier người Pháp Azzedine Alaia. Đây là một người phi thường, người có hình ảnh luôn bị che giấu trong bí ẩn"",""ogImage"":null,""twitterImage"":null,""robotsIndex"":""index"",""robotsFollow"":""follow"",""canonicalOverride"":null,""sitemapInclude"":true,""sitemapPriority"":0.7,""sitemapChangeFrequency"":""weekly"",""schemaType"":""CollectionPage"",""customJsonLd"":null}"
brands,836,Afnan,afnan,Afnan Chính Hãng,"{""metaTitle"":""Nước hoa Afnan chính hãng | MF Paris"",""metaDescription"":""Nước hoa Afnan chính hãng tại MF Paris với 9 PM và Zimaya. So sánh phiên bản, nồng độ, dung tích và giá bán để chọn mùi phù hợp."",""focusKeyword"":""Afnan chính hãng"",""breadcrumbLabel"":""Afnan"",""ogTitle"":""Afnan Chính Hãng | MF Paris"",""ogDescription"":""Khi nói đến nghệ thuật nước hoa, ít thương hiệu nào nắm bắt được bản chất của sự sang trọng, truyền thống và hiện đại như Afnan . Xuất phát từ niềm đam mê tha"",""ogImage"":null,""twitterImage"":null,""robotsIndex"":""index"",""robotsFollow"":""follow"",""canonicalOverride"":null,""sitemapInclude"":true,""sitemapPriority"":0.7,""sitemapChangeFrequency"":""weekly"",""schemaType"":""CollectionPage"",""customJsonLd"":null}"
brands,835,Adidas,adidas,Adidas Chính Hãng,"{""metaTitle"":""Nước hoa Adidas chính hãng | MF Paris"",""metaDescription"":""Nước hoa Adidas chính hãng tại MF Paris với Ice Dive. So sánh phiên bản, nồng độ, dung tích và giá bán để chọn mùi phù hợp."",""focusKeyword"":""Adidas chính hãng"",""breadcrumbLabel"":""Adidas"",""ogTitle"":""Adidas Chính Hãng | MF Paris"",""ogDescription"":""Khám phá sản phẩm Adidas chính hãng tại MF Paris. Xem thông tin, giá bán và lựa chọn sản phẩm phù hợp."",""ogImage"":null,""twitterImage"":null,""robotsIndex"":""index"",""robotsFollow"":""follow"",""canonicalOverride"":null,""sitemapInclude"":true,""sitemapPriority"":0.7,""sitemapChangeFrequency"":""weekly"",""schemaType"":""CollectionPage"",""customJsonLd"":null}"
brands,834,Activlab Pharma,activlab-pharma,Activlab Pharma Chính Hãng,"{""metaTitle"":""Activlab Pharma Hydromin Off chính hãng | MF Paris"",""metaDescription"":""Activlab Pharma Hydromin Off 30 viên chính hãng tại MF Paris. Tìm hiểu thành phần, vai trò hỗ trợ kiểm soát cân nặng, cách sử dụng và giá bán."",""focusKeyword"":""Activlab Pharma chính hãng"",""breadcrumbLabel"":""Activlab Pharma"",""ogTitle"":""Activlab Pharma Chính Hãng | MF Paris"",""ogDescription"":""Khám phá sản phẩm Activlab Pharma chính hãng tại MF Paris. Xem thông tin, giá bán và lựa chọn sản phẩm phù hợp."",""ogImage"":null,""twitterImage"":null,""robotsIndex"":""index"",""robotsFollow"":""follow"",""canonicalOverride"":null,""sitemapInclude"":true,""sitemapPriority"":0.7,""sitemapChangeFrequency"":""weekly"",""schemaType"":""CollectionPage"",""customJsonLd"":null}"
brands,833,Actisoufre,actisoufre,Actisoufre Chính Hãng,"{""metaTitle"":""Chăm sóc mũi họng Actisoufre chính hãng | MF Paris"",""metaDescription"":""Actisoufre chính hãng tại MF Paris với dung dịch Actisoufre và thông tin cách sử dụng. Xem thành phần, quy cách, cách dùng và giá bán để chọn sản phẩm phù hợp."",""focusKeyword"":""Actisoufre chính hãng"",""breadcrumbLabel"":""Actisoufre"",""ogTitle"":""Actisoufre Chính Hãng | MF Paris"",""ogDescription"":""Khám phá sản phẩm Actisoufre chính hãng tại MF Paris. Xem thông tin, giá bán và lựa chọn sản phẩm phù hợp."",""ogImage"":null,""twitterImage"":null,""robotsIndex"":""index"",""robotsFollow"":""follow"",""canonicalOverride"":null,""sitemapInclude"":true,""sitemapPriority"":0.7,""sitemapChangeFrequency"":""weekly"",""schemaType"":""CollectionPage"",""customJsonLd"":null}"
brands,832,ACM Laboratoire,acm-laboratoire,ACM Laboratoire Chính Hãng,"{""metaTitle"":""Dược mỹ phẩm ACM Laboratoire chính hãng | MF Paris"",""metaDescription"":""ACM Laboratoire chính hãng tại MF Paris với Depiwhite, Novophane và các sản phẩm chăm sóc da, tóc. Xem thành phần, quy cách, cách dùng và giá bán."",""focusKeyword"":""ACM Laboratoire chính hãng"",""breadcrumbLabel"":""ACM Laboratoire"",""ogTitle"":""ACM Laboratoire Chính Hãng | MF Paris"",""ogDescription"":""ACM Laboratoire Dermatologique là một thương hiệu danh tiếng trong lĩnh vực chăm sóc da và sản phẩm dược phẩm. Thương hiệu này được thành lập và phát triển bở"",""ogImage"":null,""twitterImage"":null,""robotsIndex"":""index"",""robotsFollow"":""follow"",""canonicalOverride"":null,""sitemapInclude"":true,""sitemapPriority"":0.7,""sitemapChangeFrequency"":""weekly"",""schemaType"":""CollectionPage"",""customJsonLd"":null}"
brands,831,Aboca,aboca,Aboca Chính Hãng,"{""metaTitle"":""Chăm sóc sức khỏe Aboca chính hãng | MF Paris"",""metaDescription"":""Aboca chính hãng tại MF Paris với Fitonasal và Sollievo Physiolax. Xem thành phần, quy cách, cách dùng và giá bán để chọn sản phẩm phù hợp."",""focusKeyword"":""Aboca chính hãng"",""breadcrumbLabel"":""Aboca"",""ogTitle"":""Aboca Chính Hãng | MF Paris"",""ogDescription"":""Khám phá sản phẩm Aboca chính hãng tại MF Paris. Xem thông tin, giá bán và lựa chọn sản phẩm phù hợp."",""ogImage"":null,""twitterImage"":null,""robotsIndex"":""index"",""robotsFollow"":""follow"",""canonicalOverride"":null,""sitemapInclude"":true,""sitemapPriority"":0.7,""sitemapChangeFrequency"":""weekly"",""schemaType"":""CollectionPage"",""customJsonLd"":null}"
brands,830,A-derma,a-derma,A-derma Chính Hãng,"{""metaTitle"":""Dược mỹ phẩm A-derma chính hãng | MF Paris"",""metaDescription"":""A-derma chính hãng tại MF Paris với kem chống nắng Protect và sản phẩm chăm sóc da. Xem thành phần, quy cách, cách dùng và giá bán để chọn sản phẩm phù hợp."",""focusKeyword"":""A-derma chính hãng"",""breadcrumbLabel"":""A-derma"",""ogTitle"":""A-derma Chính Hãng | MF Paris"",""ogDescription"":""Khám phá sản phẩm A-derma chính hãng tại MF Paris. Xem thông tin, giá bán và lựa chọn sản phẩm phù hợp."",""ogImage"":null,""twitterImage"":null,""robotsIndex"":""index"",""robotsFollow"":""follow"",""canonicalOverride"":null,""sitemapInclude"":true,""sitemapPriority"":0.7,""sitemapChangeFrequency"":""weekly"",""schemaType"":""CollectionPage"",""customJsonLd"":null}"
brands,829,3 Chenes Laboratoires,3-chenes-laboratoires,3 Chenes Laboratoires Chính Hãng,"{""metaTitle"":""Chăm sóc sức khỏe và tóc 3 Chenes Laboratoires | MF Paris"",""metaDescription"":""3 Chenes Laboratoires chính hãng tại MF Paris với Color & Soin, omega-3 và sản phẩm bổ sung dinh dưỡng. Xem thành phần, quy cách, cách dùng và giá bán."",""focusKeyword"":""3 Chenes Laboratoires chính hãng"",""breadcrumbLabel"":""3 Chenes Laboratoires"",""ogTitle"":""3 Chenes Laboratoires Chính Hãng | MF Paris"",""ogDescription"":""Khám phá sản phẩm 3 Chenes Laboratoires chính hãng tại MF Paris. Xem thông tin, giá bán và lựa chọn sản phẩm phù hợp."",""ogImage"":null,""twitterImage"":null,""robotsIndex"":""index"",""robotsFollow"":""follow"",""canonicalOverride"":null,""sitemapInclude"":true,""sitemapPriority"":0.7,""sitemapChangeFrequency"":""weekly"",""schemaType"":""CollectionPage"",""customJsonLd"":null}"